Workbook
Name NativeTimeline_Date: #N/A
Name Slicer_Direction: #N/A
Name Slicer_Sales_Person_Name: #N/A

Sheet Pivot_Tables
A3: Row Labels | B3: Sum of Total calls | C3: Sum of Incoming Flag | D3: Sum of Completed calls | E3: Sum of Completed Incoming | F3: Sum of CONVERSION Rate | G3: Sum of Price for a call | J3: Sum of Total calls2
A4: Aarav Sharma | B4: 8 | C4: 3 | D4: 3 | E4: 1 | F4: 3 | G4: 3.9 | J4: 368
A5: Abdul Usman Ali | B5: 1 | C5: 1 | D5: 0 | E5: 0 | F5: 0
A6: Abhishek Jain | B6: 7 | C6: 2 | D6: 3 | E6: 2 | F6: 3 | G6: 7.95
A7: Aditi Shah | B7: 7 | C7: 3 | D7: 5 | E7: 2 | F7: 5 | G7: 4.65
A8: Aditya Rao | B8: 8 | C8: 3 | D8: 5 | E8: 3 | F8: 5 | G8: 17.5
A9: Akash Singh | B9: 8 | C9: 5 | D9: 4 | E9: 3 | F9: 4 | G9: 12.75
A10: Amit Kulkarni | B10: 8 | C10: 4 | D10: 5 | E10: 4 | F10: 5 | G10: 4.3
A11: Ananya Sharma | B11: 7 | C11: 5 | D11: 4 | E11: 2 | F11: 4 | G11: 3.55
A12: Anjali Menon | B12: 7 | C12: 4 | D12: 5 | E12: 4 | F12: 5 | G12: 17.15
A13: Anto Abhishek | B13: 1 | C13: 0 | D13: 1 | E13: 0 | F13: 1 | G13: 3.85
A14: Arjun Nair | B14: 7 | C14: 3 | D14: 3 | E14: 1 | F14: 3 | G14: 6.25
A15: Deepak Yadav | B15: 7 | C15: 1 | D15: 3 | E15: 1 | F15: 3 | G15: 5.55 | J15: Row Labels | K15: Sum of Total calls
A16: Divya Rao | B16: 7 | C16: 4 | D16: 4 | E16: 2 | F16: 4 | G16: 29.05 | J16: busy | K16: 1
A17: Gaurav Mishra | B17: 7 | C17: 4 | D17: 3 | E17: 2 | F17: 3 | G17: 12.2 | J17: call-attempt | K17: 64
A18: Harsh Patel | B18: 7 | C18: 5 | D18: 5 | E18: 3 | F18: 5 | G18: 12.35 | J18: completed | K18: 175
A19: Hyderali Meer | B19: 8 | C19: 0 | D19: 4 | E19: 0 | F19: 4 | G19: 6.2 | J19: failed | K19: 51
A20: Ishita Kapoor | B20: 8 | C20: 4 | D20: 4 | E20: 2 | F20: 4 | G20: 9.5 | J20: missed-call | K20: 35
A21: Karan Malhotra | B21: 7 | C21: 2 | D21: 4 | E21: 1 | F21: 4 | G21: 11.25 | J21: no-answer | K21: 42
A22: Kavya Menon | B22: 7 | C22: 2 | D22: 3 | E22: 1 | F22: 3 | G22: 13.6 | J22: Grand Total | K22: 368
A23: Kriti Singh | B23: 8 | C23: 4 | D23: 4 | E23: 2 | F23: 4 | G23: 10.35
A24: Manish Kumar | B24: 7 | C24: 6 | D24: 5 | E24: 5 | F24: 5 | G24: 10
A25: Martin Nerella | B25: 1 | C25: 1 | D25: 0 | E25: 0 | F25: 0
A26: Meera Joshi | B26: 8 | C26: 4 | D26: 3 | E26: 3 | F26: 3 | G26: 3.2
A27: N/A | B27: 47 | C27: 47 | D27: 17 | E27: 17 | F27: 17 | G27: 46
A28: Nandini Das | B28: 8 | C28: 4 | D28: 4 | E28: 3 | F28: 4 | G28: 14
A29: Neha Gupta | B29: 7 | C29: 5 | D29: 2 | E29: 2 | F29: 2 | G29: 2
A30: Nikhil Kapoor | B30: 8 | C30: 2 | D30: 6 | E30: 2 | F30: 6 | G30: 12.25 | J30: Row Labels | K30: Sum of Total calls
A31: Nirag K A | B31: 2 | C31: 0 | D31: 0 | E31: 0 | F31: 0 | G31: 0.8 | J31: Aug | K31: 368
A32: Nisha Verma | B32: 8 | C32: 4 | D32: 5 | E32: 1 | F32: 5 | G32: 5.4 | J32: Grand Total | K32: 368
A33: Nishanth D Shekar | B33: 1 | C33: 1 | D33: 1 | E33: 1 | F33: 1 | G33: 0.4
A34: Pallavi Rao | B34: 8 | C34: 3 | D34: 4 | E34: 0 | F34: 4 | G34: 6.2
A35: Pooja Shah | B35: 8 | C35: 4 | D35: 3 | E35: 1 | F35: 3 | G35: 6.35
A36: Priya Nair | B36: 7 | C36: 2 | D36: 3 | E36: 1 | F36: 3 | G36: 3.6
A37: Rahul Kumar | B37: 1 | C37: 0 | D37: 1 | E37: 0 | F37: 1 | G37: 0.8
A38: Rahul Verma | B38: 8 | C38: 5 | D38: 3 | E38: 2 | F38: 3 | G38: 8
A39: Riya Mehta | B39: 8 | C39: 6 | D39: 2 | E39: 2 | F39: 2 | G39: 5.2
A40: Rohan Mehta | B40: 8 | C40: 3 | D40: 4 | E40: 2 | F40: 4 | G40: 6.4 | J40: Row Labels | K40: Average of CONVERSION Rate
A41: Rohit Das | B41: 8 | C41: 3 | D41: 3 | E41: 2 | F41: 3 | G41: 8.75 | J41: Aarav Sharma | K41: 0.375
A42: Sakshi Joshi | B42: 7 | C42: 3 | D42: 4 | E42: 2 | F42: 4 | G42: 6 | J42: Abdul Usman Ali | K42: 0
A43: Sanjay Nair | B43: 7 | C43: 4 | D43: 4 | E43: 3 | F43: 4 | G43: 10 | J43: Abhishek Jain | K43: 0.42857143
A44: Seema Tabbasum | B44: 4 | C44: 4 | D44: 2 | E44: 2 | F44: 2 | G44: 0.8 | J44: Aditi Shah | K44: 0.71428571
A45: Shreya Iyer | B45: 7 | C45: 4 | D45: 3 | E45: 1 | F45: 3 | G45: 11.7 | J45: Aditya Rao | K45: 0.625
A46: Siddharth Jain | B46: 8 | C46: 3 | D46: 2 | E46: 2 | F46: 2 | G46: 5.6 | J46: Akash Singh | K46: 0.5
A47: Siji Sam | B47: 1 | C47: 1 | D47: 0 | E47: 0 | F47: 0 | J47: Amit Kulkarni | K47: 0.625
A48: Simran Kaur | B48: 7 | C48: 2 | D48: 4 | E48: 1 | F48: 4 | G48: 10.4 | J48: Ananya Sharma | K48: 0.57142857
A49: Sneha Reddy | B49: 8 | C49: 5 | D49: 2 | E49: 2 | F49: 2 | G49: 2 | J49: Anjali Menon | K49: 0.71428571
A50: Tanvi Reddy | B50: 8 | C50: 3 | D50: 6 | E50: 3 | F50: 6 | G50: 10.35 | J50: Anto Abhishek | K50: 1
A51: Tejas Chiknaragund | B51: 1 | C51: 1 | D51: 0 | E51: 0 | F51: 0 | J51: Arjun Nair | K51: 0.42857143
A52: Varun Iyer | B52: 7 | C52: 4 | D52: 3 | E52: 2 | F52: 3 | G52: 4.75 | J52: Deepak Yadav | K52: 0.42857143
A53: Vikram Patel | B53: 8 | C53: 5 | D53: 3 | E53: 2 | F53: 3 | G53: 11.5 | J53: Divya Rao | K53: 0.57142857
A54: Vivek Gupta | B54: 7 | C54: 2 | D54: 4 | E54: 1 | F54: 4 | G54: 6.7 | J54: Gaurav Mishra | K54: 0.42857143
A55: Grand Total | B55: 368 | C55: 200 | D55: 175 | E55: 101 | F55: 175 | G55: 411.05 | J55: Harsh Patel | K55: 0.71428571
J56: Hyderali Meer | K56: 0.5
J57: Ishita Kapoor | K57: 0.5
J58: Karan Malhotra | K58: 0.57142857
J59: Kavya Menon | K59: 0.42857143
J60: Kriti Singh | K60: 0.5
J61: Manish Kumar | K61: 0.71428571
J62: Martin Nerella | K62: 0
J63: Meera Joshi | K63: 0.375
J64: N/A | K64: 0.36170213
J65: Nandini Das | K65: 0.5
J66: Neha Gupta | K66: 0.28571429
J67: Nikhil Kapoor | K67: 0.75
... J92: Grand Total | K92: 0.47554348

Sheet Raw_Data
A1: Call ID | B1: Direction | C1: CallKaro Number | D1: Sales Person Number | E1: Sales Person Name | F1: Cust Name | G1: Cust Number | H1: Status of Call | I1: Completed calls | J1: Total calls | K1: CONVERSION Rate | L1: Incoming Flag | M1: Outgoing Flag | N1: Completed Incoming | O1: Date | P1: StartTime | Q1: EndTime | R1: Duration of call (in Sec) | S1: MISSED-Failed-no answer | T1: Price for a call | U1: Sales Person Location | V1: Customer Location | W1: Column1
A2: C105 | B2: Incoming | C2: 8099389567 | D2: 224885655 | E2: Sanjay Nair | F2: Pooja Shah | G2: 1000000014 | H2: call-attempt | I2: =IF(SalesData[[#This Row],[Status of Call]]="completed",1,0) -> 0 | J2: =1 -> 1 | K2: =SalesData[[#This Row],[Completed calls]]/SalesData[[#This Row],[Total calls]] -> 0 | L2: =IF(B2="incoming",1,0) -> 1 | M2: =IF(B2="Outgoing",1,0) -> 0 | N2: =IF(AND(B2="Incoming",H2="Completed"),1,0) -> 0 | O2: 46237 | P2: 46237.517 | Q2: 46237.517 | R2: 8 | S2: =IF(OR(H2="failed",H2="no-answer",H2="missed-call"),1,0) -> 0 | U2: GJ | V2: KA
A3: C111 | B3: Incoming | C3: 8099389567 | D3: 900417386 | E3: Pooja Shah | F3: Aditya Rao | G3: 1000000009 | H3: call-attempt | I3: =IF(SalesData[[#This Row],[Status of Call]]="completed",1,0) -> 0 | J3: =1 -> 1 | K3: =SalesData[[#This Row],[Completed calls]]/SalesData[[#This Row],[Total calls]] -> 0 | L3: =IF(B3="incoming",1,0) -> 1 | M3: =IF(B3="Outgoing",1,0) -> 0 | N3: =IF(AND(B3="Incoming",H3="Completed"),1,0) -> 0 | O3: 46237 | P3: 46237.52 | Q3: 46237.52 | R3: 21 | S3: =IF(OR(H3="failed",H3="no-answer",H3="missed-call"),1,0) -> 0 | U3: KA | V3: KA
A4: C112 | B4: Incoming | C4: 8099389567 | D4: 577506333 | E4: Akash Singh | F4: Ishita Gupta | G4: 1000000016 | H4: completed | I4: =IF(SalesData[[#This Row],[Status of Call]]="completed",1,0) -> 1 | J4: =1 -> 1 | K4: =SalesData[[#This Row],[Completed calls]]/SalesData[[#This Row],[Total calls]] -> 1 | L4: =IF(B4="incoming",1,0) -> 1 | M4: =IF(B4="Outgoing",1,0) -> 0 | N4: =IF(AND(B4="Incoming",H4="Completed"),1,0) -> 1 | O4: 46237 | P4: 46237.52 | Q4: 46237.525 | R4: 426 | S4: =IF(OR(H4="failed",H4="no-answer",H4="missed-call"),1,0) -> 0 | T4: 2.8 | U4: KA | V4: KA
A5: C115 | B5: Incoming | C5: 8099389567 | D5: 432798330 | E5: Priya Nair | F5: Rohan Das | G5: 1000000017 | H5: completed | I5: =IF(SalesData[[#This Row],[Status of Call]]="completed",1,0) -> 1 | J5: =1 -> 1 | K5: =SalesData[[#This Row],[Completed calls]]/SalesData[[#This Row],[Total calls]] -> 1 | L5: =IF(B5="incoming",1,0) -> 1 | M5: =IF(B5="Outgoing",1,0) -> 0 | N5: =IF(AND(B5="Incoming",H5="Completed"),1,0) -> 1 | O5: 46237 | P5: 46237.522 | Q5: 46237.523 | R5: 97 | S5: =IF(OR(H5="failed",H5="no-answer",H5="missed-call"),1,0) -> 0 | T5: 0.4 | U5: KA | V5: KA
A6: C117 | B6: Incoming | C6: 8099389567 | D6: 925746665 | E6: Anjali Menon | F6: Simran Kaur | G6: 1000000028 | H6: completed | I6: =IF(SalesData[[#This Row],[Status of Call]]="completed",1,0) -> 1 | J6: =1 -> 1 | K6: =SalesData[[#This Row],[Completed calls]]/SalesData[[#This Row],[Total calls]] -> 1 | L6: =IF(B6="incoming",1,0) -> 1 | M6: =IF(B6="Outgoing",1,0) -> 0 | N6: =IF(AND(B6="Incoming",H6="Completed"),1,0) -> 1 | O6: 46237 | P6: 46237.538 | Q6: 46237.547 | R6: 768 | S6: =IF(OR(H6="failed",H6="no-answer",H6="missed-call"),1,0) -> 0 | T6: 5.2 | U6: KA | V6: KA
A7: C125 | B7: Incoming | C7: 8099389567 | D7: 18831166 | E7: Shreya Iyer | F7: Priya Iyer | G7: 1000000006 | H7: call-attempt | I7: =IF(SalesData[[#This Row],[Status of Call]]="completed",1,0) -> 0 | J7: =1 -> 1 | K7: =SalesData[[#This Row],[Completed calls]]/SalesData[[#This Row],[Total calls]] -> 0 | L7: =IF(B7="incoming",1,0) -> 1 | M7: =IF(B7="Outgoing",1,0) -> 0 | N7: =IF(AND(B7="Incoming",H7="Completed"),1,0) -> 0 | O7: 46237 | P7: 46237.557 | Q7: 46237.557 | R7: 7 | S7: =IF(OR(H7="failed",H7="no-answer",H7="missed-call"),1,0) -> 0 | U7: RJ | V7: KA
A8: C126 | B8: Incoming | C8: 8099389567 | D8: 858283693 | E8: Meera Joshi | F8: Ananya Nair | G8: 1000000004 | H8: completed | I8: =IF(SalesData[[#This Row],[Status of Call]]="completed",1,0) -> 1 | J8: =1 -> 1 | K8: =SalesData[[#This Row],[Completed calls]]/SalesData[[#This Row],[Total calls]] -> 1 | L8: =IF(B8="incoming",1,0) -> 1 | M8: =IF(B8="Outgoing",1,0) -> 0 | N8: =IF(AND(B8="Incoming",H8="Completed"),1,0) -> 1 | O8: 46237 | P8: 46237.571 | Q8: 46237.572 | R8: 34 | S8: =IF(OR(H8="failed",H8="no-answer",H8="missed-call"),1,0) -> 0 | T8: 0.4 | U8: KA | V8: KA
A9: C127 | B9: Incoming | C9: 8099389567 | D9: 913511869 | E9: Karan Malhotra | F9: Sneha Reddy | G9: 1000000008 | H9: missed-call | I9: =IF(SalesData[[#This Row],[Status of Call]]="completed",1,0) -> 0 | J9: =1 -> 1 | K9: =SalesData[[#This Row],[Completed calls]]/SalesData[[#This Row],[Total calls]] -> 0 | L9: =IF(B9="incoming",1,0) -> 1 | M9: =IF(B9="Outgoing",1,0) -> 0 | N9: =IF(AND(B9="Incoming",H9="Completed"),1,0) -> 0 | O9: 46237 | P9: 46237.573 | Q9: 46237.574 | R9: 46 | S9: =IF(OR(H9="failed",H9="no-answer",H9="missed-call"),1,0) -> 1 | U9: KA | V9: KA
A10: C128 | B10: Incoming | C10: 8099389567 | D10: 832577930 | E10: Rohan Mehta | F10: Meera Joshi | G10: 1000000010 | H10: completed | I10: =IF(SalesData[[#This Row],[Status of Call]]="completed",1,0) -> 1 | J10: =1 -> 1 | K10: =SalesData[[#This Row],[Completed calls]]/SalesData[[#This Row],[Total calls]] -> 1 | L10: =IF(B10="incoming",1,0) -> 1 | M10: =IF(B10="Outgoing",1,0) -> 0 | N10: =IF(AND(B10="Incoming",H10="Completed"),1,0) -> 1 | O10: 46237 | P10: 46237.573 | Q10: 46237.578 | R10: 355 | S10: =IF(OR(H10="failed",H10="no-answer",H10="missed-call"),1,0) -> 0 | T10: 2.4 | U10: KA | V10: KA
A11: C129 | B11: Incoming | C11: 8099389567 | D11: 640895463 | E11: Siddharth Jain | F11: Arjun Kapoor | G11: 1000000011 | H11: completed | I11: =IF(SalesData[[#This Row],[Status of Call]]="completed",1,0) -> 1 | J11: =1 -> 1 | K11: =SalesData[[#This Row],[Completed calls]]/SalesData[[#This Row],[Total calls]] -> 1 | L11: =IF(B11="incoming",1,0) -> 1 | M11: =IF(B11="Outgoing",1,0) -> 0 | N11: =IF(AND(B11="Incoming",H11="Completed"),1,0) -> 1 | O11: 46237 | P11: 46237.574 | Q11: 46237.575 | R11: 61 | S11: =IF(OR(H11="failed",H11="no-answer",H11="missed-call"),1,0) -> 0 | T11: 0.4 | U11: KA | V11: KA
A12: C137 | B12: Incoming | C12: 8099389567 | D12: 122210367 | E12: Akash Singh | F12: Pallavi Naik | G12: 1000000034 | H12: call-attempt | I12: =IF(SalesData[[#This Row],[Status of Call]]="completed",1,0) -> 0 | J12: =1 -> 1 | K12: =SalesData[[#This Row],[Completed calls]]/SalesData[[#This Row],[Total calls]] -> 0 | L12: =IF(B12="incoming",1,0) -> 1 | M12: =IF(B12="Outgoing",1,0) -> 0 | N12: =IF(AND(B12="Incoming",H12="Completed"),1,0) -> 0 | O12: 46237 | P12: 46237.596 | Q12: 46237.597 | R12: 15 | S12: =IF(OR(H12="failed",H12="no-answer",H12="missed-call"),1,0) -> 0 | U12: KA | V12: KA
A13: C138 | B13: Incoming | C13: 8099389567 | D13: 910304698 | E13: Neha Gupta | F13: Rohan Das | G13: 1000000017 | H13: missed-call | I13: =IF(SalesData[[#This Row],[Status of Call]]="completed",1,0) -> 0 | J13: =1 -> 1 | K13: =SalesData[[#This Row],[Completed calls]]/SalesData[[#This Row],[Total calls]] -> 0 | L13: =IF(B13="incoming",1,0) -> 1 | M13: =IF(B13="Outgoing",1,0) -> 0 | N13: =IF(AND(B13="Incoming",H13="Completed"),1,0) -> 0 | O13: 46237 | P13: 46237.597 | Q13: 46237.598 | R13: 50 | S13: =IF(OR(H13="failed",H13="no-answer",H13="missed-call"),1,0) -> 1 | U13: KA | V13: KA
A14: C14 | B14: Incoming | C14: 8099389567 | D14: 3632601 | E14: Varun Iyer | F14: Tanvi Kulkarni | G14: 1000000018 | H14: call-attempt | I14: =IF(SalesData[[#This Row],[Status of Call]]="completed",1,0) -> 0 | J14: =1 -> 1 | K14: =SalesData[[#This Row],[Completed calls]]/SalesData[[#This Row],[Total calls]] -> 0 | L14: =IF(B14="incoming",1,0) -> 1 | M14: =IF(B14="Outgoing",1,0) -> 0 | N14: =IF(AND(B14="Incoming",H14="Completed"),1,0) -> 0 | O14: 46236 | P14: 46236.358 | Q14: 46236.358 | R14: 18 | S14: =IF(OR(H14="failed",H14="no-answer",H14="missed-call"),1,0) -> 0 | U14: KA | V14: KA
A15: C140 | B15: Incoming | C15: 8099389567 | D15: 439248817 | E15: Nandini Das | F15: Aarav Sharma | G15: 1000000001 | H15: completed | I15: =IF(SalesData[[#This Row],[Status of Call]]="completed",1,0) -> 1 | J15: =1 -> 1 | K15: =SalesData[[#This Row],[Completed calls]]/SalesData[[#This Row],[Total calls]] -> 1 | L15: =IF(B15="incoming",1,0) -> 1 | M15: =IF(B15="Outgoing",1,0) -> 0 | N15: =IF(AND(B15="Incoming",H15="Completed"),1,0) -> 1 | O15: 46237 | P15: 46237.623 | Q15: 46237.637 | R15: 1190 | S15: =IF(OR(H15="failed",H15="no-answer",H15="missed-call"),1,0) -> 0 | T15: 8 | U15: KA | V15: KA
A16: C141 | B16: Incoming | C16: 8099389567 | D16: 248406541 | E16: Sakshi Joshi | F16: Sneha Reddy | G16: 1000000008 | H16: completed | I16: =IF(SalesData[[#This Row],[Status of Call]]="completed",1,0) -> 1 | J16: =1 -> 1 | K16: =SalesData[[#This Row],[Completed calls]]/SalesData[[#This Row],[Total calls]] -> 1 | L16: =IF(B16="incoming",1,0) -> 1 | M16: =IF(B16="Outgoing",1,0) -> 0 | N16: =IF(AND(B16="Incoming",H16="Completed"),1,0) -> 1 | O16: 46237 | P16: 46237.631 | Q16: 46237.634 | R16: 248 | S16: =IF(OR(H16="failed",H16="no-answer",H16="missed-call"),1,0) -> 0 | T16: 1.6 | U16: KA | V16: KA
A17: C143 | B17: Incoming | C17: 8099389567 | D17: 207141783 | E17: Rahul Verma | F17: Tanvi Kulkarni | G17: 1000000018 | H17: call-attempt | I17: =IF(SalesData[[#This Row],[Status of Call]]="completed",1,0) -> 0 | J17: =1 -> 1 | K17: =SalesData[[#This Row],[Completed calls]]/SalesData[[#This Row],[Total calls]] -> 0 | L17: =IF(B17="incoming",1,0) -> 1 | M17: =IF(B17="Outgoing",1,0) -> 0 | N17: =IF(AND(B17="Incoming",H17="Completed"),1,0) -> 0 | O17: 46237 | P17: 46237.638 | Q17: 46237.638 | R17: 10 | S17: =IF(OR(H17="failed",H17="no-answer",H17="missed-call"),1,0) -> 0 | U17: KA | V17: KA
A18: C144 | B18: Incoming | C18: 8099389567 | D18: 978555161 | E18: Riya Mehta | F18: Divya Sethi | G18: 1000000022 | H18: call-attempt | I18: =IF(SalesData[[#This Row],[Status of Call]]="completed",1,0) -> 0 | J18: =1 -> 1 | K18: =SalesData[[#This Row],[Completed calls]]/SalesData[[#This Row],[Total calls]] -> 0 | L18: =IF(B18="incoming",1,0) -> 1 | M18: =IF(B18="Outgoing",1,0) -> 0 | N18: =IF(AND(B18="Incoming",H18="Completed"),1,0) -> 0 | O18: 46237 | P18: 46237.64 | Q18: 46237.64 | R18: 7 | S18: =IF(OR(H18="failed",H18="no-answer",H18="missed-call"),1,0) -> 0 | U18: KA | V18: KA
A19: C148 | B19: Incoming | C19: 8099389567 | D19: 455637777 | E19: Riya Mehta | F19: Arjun Kapoor | G19: 1000000011 | H19: completed | I19: =IF(SalesData[[#This Row],[Status of Call]]="completed",1,0) -> 1 | J19: =1 -> 1 | K19: =SalesData[[#This Row],[Completed calls]]/SalesData[[#This Row],[Total calls]] -> 1 | L19: =IF(B19="incoming",1,0) -> 1 | M19: =IF(B19="Outgoing",1,0) -> 0 | N19: =IF(AND(B19="Incoming",H19="Completed"),1,0) -> 1 | O19: 46237 | P19: 46237.665 | Q19: 46237.671 | R19: 583 | S19: =IF(OR(H19="failed",H19="no-answer",H19="missed-call"),1,0) -> 0 | T19: 4 | U19: KA | V19: KA
A20: C149 | B20: Incoming | C20: 8099389567 | D20: 876036921 | E20: Vikram Patel | F20: Nandini Bose | G20: 1000000030 | H20: missed-call | I20: =IF(SalesData[[#This Row],[Status of Call]]="completed",1,0) -> 0 | J20: =1 -> 1 | K20: =SalesData[[#This Row],[Completed calls]]/SalesData[[#This Row],[Total calls]] -> 0 | L20: =IF(B20="incoming",1,0) -> 1 | M20: =IF(B20="Outgoing",1,0) -> 0 | N20: =IF(AND(B20="Incoming",H20="Completed"),1,0) -> 0 | O20: 46237 | P20: 46237.685 | Q20: 46237.685 | R20: 43 | S20: =IF(OR(H20="failed",H20="no-answer",H20="missed-call"),1,0) -> 1 | U20: KA | V20: KA
A21: C15 | B21: Incoming | C21: 8099389567 | D21: 590065495 | E21: Ishita Kapoor | F21: Ishita Gupta | G21: 1000000016 | H21: missed-call | I21: =IF(SalesData[[#This Row],[Status of Call]]="completed",1,0) -> 0 | J21: =1 -> 1 | K21: =SalesData[[#This Row],[Completed calls]]/SalesData[[#This Row],[Total calls]] -> 0 | L21: =IF(B21="incoming",1,0) -> 1 | M21: =IF(B21="Outgoing",1,0) -> 0 | N21: =IF(AND(B21="Incoming",H21="Completed"),1,0) -> 0 | O21: 46236 | P21: t | Q21: 46236.365 | R21: 82 | S21: =IF(OR(H21="failed",H21="no-answer",H21="missed-call"),1,0) -> 1 | U21: KA | V21: KA
A22: C150 | B22: Incoming | C22: 8099389567 | D22: 121125131 | E22: Vikram Patel | F22: Aarav Sharma | G22: 1000000001 | H22: call-attempt | I22: =IF(SalesData[[#This Row],[Status of Call]]="completed",1,0) -> 0 | J22: =1 -> 1 | K22: =SalesData[[#This Row],[Completed calls]]/SalesData[[#This Row],[Total calls]] -> 0 | L22: =IF(B22="incoming",1,0) -> 1 | M22: =IF(B22="Outgoing",1,0) -> 0 | N22: =IF(AND(B22="Incoming",H22="Completed"),1,0) -> 0 | O22: 46237 | P22: 46237.692 | Q22: 46237.692 | R22: 12 | S22: =IF(OR(H22="failed",H22="no-answer",H22="missed-call"),1,0) -> 0 | U22: KA | V22: KA
A23: C151 | B23: Incoming | C23: 8099389567 | D23: 480575038 | E23: Nisha Verma | F23: Rohan Das | G23: 1000000017 | H23: completed | I23: =IF(SalesData[[#This Row],[Status of Call]]="completed",1,0) -> 1 | J23: =1 -> 1 | K23: =SalesData[[#This Row],[Completed calls]]/SalesData[[#This Row],[Total calls]] -> 1 | L23: =IF(B23="incoming",1,0) -> 1 | M23: =IF(B23="Outgoing",1,0) -> 0 | N23: =IF(AND(B23="Incoming",H23="Completed"),1,0) -> 1 | O23: 46237 | P23: 46237.707 | Q23: 46237.709 | R23: 130 | S23: =IF(OR(H23="failed",H23="no-answer",H23="missed-call"),1,0) -> 0 | T23: 0.4 | U23: KA | V23: KA
A24: C152 | B24: Incoming | C24: 8099389567 | D24: 287932330 | E24: Nandini Das | F24: Gaurav Bansal | G24: 1000000033 | H24: completed | I24: =IF(SalesData[[#This Row],[Status of Call]]="completed",1,0) -> 1 | J24: =1 -> 1 | K24: =SalesData[[#This Row],[Completed calls]]/SalesData[[#This Row],[Total calls]] -> 1 | L24: =IF(B24="incoming",1,0) -> 1 | M24: =IF(B24="Outgoing",1,0) -> 0 | N24: =IF(AND(B24="Incoming",H24="Completed"),1,0) -> 1 | O24: 46237 | P24: 46237.709 | Q24: 46237.711 | R24: 155 | S24: =IF(OR(H24="failed",H24="no-answer",H24="missed-call"),1,0) -> 0 | T24: 0.8 | U24: KA | V24: KA
A25: C153 | B25: Incoming | C25: 8099389567 | D25: 823887648 | E25: Siddharth Jain | F25: Kavya Menon | G25: 1000000012 | H25: completed | I25: =IF(SalesData[[#This Row],[Status of Call]]="completed",1,0) -> 1 | J25: =1 -> 1 | K25: =SalesData[[#This Row],[Completed calls]]/SalesData[[#This Row],[Total calls]] -> 1 | L25: =IF(B25="incoming",1,0) -> 1 | M25: =IF(B25="Outgoing",1,0) -> 0 | N25: =IF(AND(B25="Incoming",H25="Completed"),1,0) -> 1 | O25: 46237 | P25: 46237.712 | Q25: 46237.718 | R25: 494 | S25: =IF(OR(H25="failed",H25="no-answer",H25="missed-call"),1,0) -> 0 | T25: 3.2 | U25: KA | V25: KA
A26: C154 | B26: Incoming | C26: 8099389567 | D26: 279744156 | E26: Ananya Sharma | F26: Gaurav Bansal | G26: 1000000033 | H26: call-attempt | I26: =IF(SalesData[[#This Row],[Status of Call]]="completed",1,0) -> 0 | J26: =1 -> 1 | K26: =SalesData[[#This Row],[Completed calls]]/SalesData[[#This Row],[Total calls]] -> 0 | L26: =IF(B26="incoming",1,0) -> 1 | M26: =IF(B26="Outgoing",1,0) -> 0 | N26: =IF(AND(B26="Incoming",H26="Completed"),1,0) -> 0 | O26: 46237 | P26: 46237.721 | Q26: 46237.721 | R26: 11 | S26: =IF(OR(H26="failed",H26="no-answer",H26="missed-call"),1,0) -> 0 | U26: KA | V26: KA
A27: C155 | B27: Incoming | C27: 8099389567 | D27: 233114113 | E27: Sanjay Nair | F27: Rahul Verma | G27: 1000000007 | H27: completed | I27: =IF(SalesData[[#This Row],[Status of Call]]="completed",1,0) -> 1 | J27: =1 -> 1 | K27: =SalesData[[#This Row],[Completed calls]]/SalesData[[#This Row],[Total calls]] -> 1 | L27: =IF(B27="incoming",1,0) -> 1 | M27: =IF(B27="Outgoing",1,0) -> 0 | N27: =IF(AND(B27="Incoming",H27="Completed"),1,0) -> 1 | O27: 46237 | P27: 46237.723 | Q27: 46237.725 | R27: 163 | S27: =IF(OR(H27="failed",H27="no-answer",H27="missed-call"),1,0) -> 0 | T27: 0.8 | U27: KA | V27: KA
A28: C156 | B28: Incoming | C28: 8099389567 | D28: 628821463 | E28: Deepak Yadav | F28: Neha Bhat | G28: 1000000020 | H28: completed | I28: =IF(SalesData[[#This Row],[Status of Call]]="completed",1,0) -> 1 | J28: =1 -> 1 | K28: =SalesData[[#This Row],[Completed calls]]/SalesData[[#This Row],[Total calls]] -> 1 | L28: =IF(B28="incoming",1,0) -> 1 | M28: =IF(B28="Outgoing",1,0) -> 0 | N28: =IF(AND(B28="Incoming",H28="Completed"),1,0) -> 1 | O28: 46237 | P28: 46237.73 | Q28: 46237.732 | R28: 96 | S28: =IF(OR(H28="failed",H28="no-answer",H28="missed-call"),1,0) -> 0 | T28: 0.4 | U28: KA | V28: KA
A29: C157 | B29: Incoming | C29: 8099389567 | D29: 379376386 | E29: Aarav Sharma | F29: Gaurav Bansal | G29: 1000000033 | H29: call-attempt | I29: =IF(SalesData[[#This Row],[Status of Call]]="completed",1,0) -> 0 | J29: =1 -> 1 | K29: =SalesData[[#This Row],[Completed calls]]/SalesData[[#This Row],[Total calls]] -> 0 | L29: =IF(B29="incoming",1,0) -> 1 | M29: =IF(B29="Outgoing",1,0) -> 0 | N29: =IF(AND(B29="Incoming",H29="Completed"),1,0) -> 0 | O29: 46237 | P29: 46237.731 | Q29: 46237.731 | R29: 11 | S29: =IF(OR(H29="failed",H29="no-answer",H29="missed-call"),1,0) -> 0 | U29: KA | V29: KA
A30: C158 | B30: Incoming | C30: 8099389567 | D30: 432037307 | E30: Riya Mehta | F30: Rohit Bedi | G30: 1000000039 | H30: call-attempt | I30: =IF(SalesData[[#This Row],[Status of Call]]="completed",1,0) -> 0 | J30: =1 -> 1 | K30: =SalesData[[#This Row],[Completed calls]]/SalesData[[#This Row],[Total calls]] -> 0 | L30: =IF(B30="incoming",1,0) -> 1 | M30: =IF(B30="Outgoing",1,0) -> 0 | N30: =IF(AND(B30="Incoming",H30="Completed"),1,0) -> 0 | O30: 46237 | P30: 46237.731 | Q30: 46237.732 | R30: 8 | S30: =IF(OR(H30="failed",H30="no-answer",H30="missed-call"),1,0) -> 0 | U30: KA | V30: KA
A31: C159 | B31: Incoming | C31: 8099389567 | D31: 401249303 | E31: Ananya Sharma | F31: Nikhil Jain | G31: 1000000013 | H31: completed | I31: =IF(SalesData[[#This Row],[Status of Call]]="completed",1,0) -> 1 | J31: =1 -> 1 | K31: =SalesData[[#This Row],[Completed calls]]/SalesData[[#This Row],[Total calls]] -> 1 | L31: =IF(B31="incoming",1,0) -> 1 | M31: =IF(B31="Outgoing",1,0) -> 0 | N31: =IF(AND(B31="Incoming",H31="Completed"),1,0) -> 1 | O31: 46237 | P31: 46237.732 | Q31: 46237.733 | R31: 156 | S31: =IF(OR(H31="failed",H31="no-answer",H31="missed-call"),1,0) -> 0 | T31: 0.4 | U31: KA | V31: KA
A32: C16 | B32: Incoming | C32: 8099389567 | D32: 416937095 | E32: Kriti Singh | F32: Varun Singh | G32: 1000000015 | H32: completed | I32: =IF(SalesData[[#This Row],[Status of Call]]="completed",1,0) -> 1 | J32: =1 -> 1 | K32: =SalesData[[#This Row],[Completed calls]]/SalesData[[#This Row],[Total calls]] -> 1 | L32: =IF(B32="incoming",1,0) -> 1 | M32: =IF(B32="Outgoing",1,0) -> 0 | N32: =IF(AND(B32="Incoming",H32="Completed"),1,0) -> 1 | O32: 46236 | P32: 46236.368 | Q32: 46236.373 | R32: 412 | S32: =IF(OR(H32="failed",H32="no-answer",H32="missed-call"),1,0) -> 0 | T32: 2.8 | U32: KA | V32: KA
A33: C160 | B33: Incoming | C33: 8099389567 | D33: 319647139 | E33: Nisha Verma | F33: Meera Joshi | G33: 1000000010 | H33: call-attempt | I33: =IF(SalesData[[#This Row],[Status of Call]]="completed",1,0) -> 0 | J33: =1 -> 1 | K33: =SalesData[[#This Row],[Completed calls]]/SalesData[[#This Row],[Total calls]] -> 0 | L33: =IF(B33="incoming",1,0) -> 1 | M33: =IF(B33="Outgoing",1,0) -> 0 | N33: =IF(AND(B33="Incoming",H33="Completed"),1,0) -> 0 | O33: 46237 | P33: 46237.733 | Q33: 46237.734 | R33: 20 | S33: =IF(OR(H33="failed",H33="no-answer",H33="missed-call"),1,0) -> 0 | U33: KA | V33: KA
A34: C161 | B34: Incoming | C34: 8099389567 | D34: 139164288 | E34: Harsh Patel | F34: Shreya Pillai | G34: 1000000024 | H34: completed | I34: =IF(SalesData[[#This Row],[Status of Call]]="completed",1,0) -> 1 | J34: =1 -> 1 | K34: =SalesData[[#This Row],[Completed calls]]/SalesData[[#This Row],[Total calls]] -> 1 | L34: =IF(B34="incoming",1,0) -> 1 | M34: =IF(B34="Outgoing",1,0) -> 0 | N34: =IF(AND(B34="Incoming",H34="Completed"),1,0) -> 1 | O34: 46237 | P34: 46237.734 | Q34: 46237.734 | R34: 62 | S34: =IF(OR(H34="failed",H34="no-answer",H34="missed-call"),1,0) -> 0 | T34: 0.4 | U34: KA | V34: KA
A35: C162 | B35: Incoming | C35: 8099389567 | D35: 290751369 | E35: Divya Rao | F35: Arjun Kapoor | G35: 1000000011 | H35: completed | I35: =IF(SalesData[[#This Row],[Status of Call]]="completed",1,0) -> 1 | J35: =1 -> 1 | K35: =SalesData[[#This Row],[Completed calls]]/SalesData[[#This Row],[Total calls]] -> 1 | L35: =IF(B35="incoming",1,0) -> 1 | M35: =IF(B35="Outgoing",1,0) -> 0 | N35: =IF(AND(B35="Incoming",H35="Completed"),1,0) -> 1 | O35: 46237 | P35: 46237.734 | Q35: 46237.744 | R35: 850 | S35: =IF(OR(H35="failed",H35="no-answer",H35="missed-call"),1,0) -> 0 | T35: 5.6 | U35: KA | V35: KA
A36: C163 | B36: Incoming | C36: 8099389567 | D36: 107059949 | E36: Aditi Shah | F36: Amit Khanna | G36: 1000000035 | H36: call-attempt | I36: =IF(SalesData[[#This Row],[Status of Call]]="completed",1,0) -> 0 | J36: =1 -> 1 | K36: =SalesData[[#This Row],[Completed calls]]/SalesData[[#This Row],[Total calls]] -> 0 | L36: =IF(B36="incoming",1,0) -> 1 | M36: =IF(B36="Outgoing",1,0) -> 0 | N36: =IF(AND(B36="Incoming",H36="Completed"),1,0) -> 0 | O36: 46237 | P36: 46237.735 | Q36: 46237.735 | R36: 9 | S36: =IF(OR(H36="failed",H36="no-answer",H36="missed-call"),1,0) -> 0 | U36: KA | V36: KA
A37: C169 | B37: Incoming | C37: 8099389567 | D37: 971503761 | E37: Varun Iyer | F37: Riya Mehta | G37: 1000000002 | H37: completed | I37: =IF(SalesData[[#This Row],[Status of Call]]="completed",1,0) -> 1 | J37: =1 -> 1 | K37: =SalesData[[#This Row],[Completed calls]]/SalesData[[#This Row],[Total calls]] -> 1 | L37: =IF(B37="incoming",1,0) -> 1 | M37: =IF(B37="Outgoing",1,0) -> 0 | N37: =IF(AND(B37="Incoming",H37="Completed"),1,0) -> 1 | O37: 46237 | P37: 46237.739 | Q37: 46237.739 | R37: 43 | S37: =IF(OR(H37="failed",H37="no-answer",H37="missed-call"),1,0) -> 0 | T37: 0.4 | U37: TN | V37: KA
A38: C17 | B38: Incoming | C38: 8099389567 | D38: 720035961 | E38: Divya Rao | F38: Aditya Rao | G38: 1000000009 | H38: missed-call | I38: =IF(SalesData[[#This Row],[Status of Call]]="completed",1,0) -> 0 | J38: =1 -> 1 | K38: =SalesData[[#This Row],[Completed calls]]/SalesData[[#This Row],[Total calls]] -> 0 | L38: =IF(B38="incoming",1,0) -> 1 | M38: =IF(B38="Outgoing",1,0) -> 0 | N38: =IF(AND(B38="Incoming",H38="Completed"),1,0) -> 0 | O38: 46236 | P38: 46236.39 | Q38: 46236.391 | R38: 56 | S38: =IF(OR(H38="failed",H38="no-answer",H38="missed-call"),1,0) -> 1 | U38: KA | V38: KA
A39: C172 | B39: Incoming | C39: 8099389567 | D39: 635859674 | E39: Rahul Verma | F39: Neha Bhat | G39: 1000000020 | H39: call-attempt | I39: =IF(SalesData[[#This Row],[Status of Call]]="completed",1,0) -> 0 | J39: =1 -> 1 | K39: =SalesData[[#This Row],[Completed calls]]/SalesData[[#This Row],[Total calls]] -> 0 | L39: =IF(B39="incoming",1,0) -> 1 | M39: =IF(B39="Outgoing",1,0) -> 0 | N39: =IF(AND(B39="Incoming",H39="Completed"),1,0) -> 0 | O39: 46237 | P39: 46237.739 | Q39: 46237.739 | R39: 22 | S39: =IF(OR(H39="failed",H39="no-answer",H39="missed-call"),1,0) -> 0 | U39: TN | V39: KA
A40: C173 | B40: Incoming | C40: 8099389567 | D40: 49531867 | E40: Riya Mehta | F40: Ishita Gupta | G40: 1000000016 | H40: completed | I40: =IF(SalesData[[#This Row],[Status of Call]]="completed",1,0) -> 1 | J40: =1 -> 1 | K40: =SalesData[[#This Row],[Completed calls]]/SalesData[[#This Row],[Total calls]] -> 1 | L40: =IF(B40="incoming",1,0) -> 1 | M40: =IF(B40="Outgoing",1,0) -> 0 | N40: =IF(AND(B40="Incoming",H40="Completed"),1,0) -> 1 | O40: 46237 | P40: 46237.74 | Q40: 46237.741 | R40: 82 | S40: =IF(OR(H40="failed",H40="no-answer",H40="missed-call"),1,0) -> 0 | T40: 0.4 | U40: TN | V40: KA
A41: C176 | B41: Incoming | C41: 8099389567 | D41: 897517981 | E41: Anjali Menon | F41: Sanjay Oberoi | G41: 1000000037 | H41: completed | I41: =IF(SalesData[[#This Row],[Status of Call]]="completed",1,0) -> 1 | J41: =1 -> 1 | K41: =SalesData[[#This Row],[Completed calls]]/SalesData[[#This Row],[Total calls]] -> 1 | L41: =IF(B41="incoming",1,0) -> 1 | M41: =IF(B41="Outgoing",1,0) -> 0 | N41: =IF(AND(B41="Incoming",H41="Completed"),1,0) -> 1 | O41: 46237 | P41: 46237.741 | Q41: 46237.742 | R41: 57 | S41: =IF(OR(H41="failed",H41="no-answer",H41="missed-call"),1,0) -> 0 | T41: 0.4 | U41: TN | V41: KA
A42: C178 | B42: Incoming | C42: 8099389567 | D42: 85072446 | E42: Sneha Reddy | F42: Priya Iyer | G42: 1000000006 | H42: completed | I42: =IF(SalesData[[#This Row],[Status of Call]]="completed",1,0) -> 1 | J42: =1 -> 1 | K42: =SalesData[[#This Row],[Completed calls]]/SalesData[[#This Row],[Total calls]] -> 1 | L42: =IF(B42="incoming",1,0) -> 1 | M42: =IF(B42="Outgoing",1,0) -> 0 | N42: =IF(AND(B42="Incoming",H42="Completed"),1,0) -> 1 | O42: 46237 | P42: 46237.742 | Q42: 46237.743 | R42: 43 | S42: =IF(OR(H42="failed",H42="no-answer",H42="missed-call"),1,0) -> 0 | T42: 0.4 | U42: TN | V42: KA
A43: C179 | B43: Incoming | C43: 8099389567 | D43: 847982401 | E43: Varun Iyer | F43: Sakshi Desai | G43: 1000000032 | H43: completed | I43: =IF(SalesData[[#This Row],[Status of Call]]="completed",1,0) -> 1 | J43: =1 -> 1 | K43: =SalesData[[#This Row],[Completed calls]]/SalesData[[#This Row],[Total calls]] -> 1 | L43: =IF(B43="incoming",1,0) -> 1 | M43: =IF(B43="Outgoing",1,0) -> 0 | N43: =IF(AND(B43="Incoming",H43="Completed"),1,0) -> 1 | O43: 46237 | P43: 46237.744 | Q43: 46237.749 | R43: 386 | S43: =IF(OR(H43="failed",H43="no-answer",H43="missed-call"),1,0) -> 0 | T43: 2.4 | U43: KA | V43: KA
A44: C180 | B44: Incoming | C44: 8099389567 | D44: 480629083 | E44: Shreya Iyer | F44: Karan Malhotra | G44: 1000000005 | H44: missed-call | I44: =IF(SalesData[[#This Row],[Status of Call]]="completed",1,0) -> 0 | J44: =1 -> 1 | K44: =SalesData[[#This Row],[Completed calls]]/SalesData[[#This Row],[Total calls]] -> 0 | L44: =IF(B44="incoming",1,0) -> 1 | M44: =IF(B44="Outgoing",1,0) -> 0 | N44: =IF(AND(B44="Incoming",H44="Completed"),1,0) -> 0 | O44: 46237 | P44: 46237.745 | Q44: 46237.745 | R44: 39 | S44: =IF(OR(H44="failed",H44="no-answer",H44="missed-call"),1,0) -> 1 | U44: TN | V44: KA
A45: C181 | B45: Incoming | C45: 8099389567 | D45: 853155791 | E45: Priya Nair | F45: Amit Khanna | G45: 1000000035 | H45: call-attempt | I45: =IF(SalesData[[#This Row],[Status of Call]]="completed",1,0) -> 0 | J45: =1 -> 1 | K45: =SalesData[[#This Row],[Completed calls]]/SalesData[[#This Row],[Total calls]] -> 0 | L45: =IF(B45="incoming",1,0) -> 1 | M45: =IF(B45="Outgoing",1,0) -> 0 | N45: =IF(AND(B45="Incoming",H45="Completed"),1,0) -> 0 | O45: 46237 | P45: 46237.746 | Q45: 46237.746 | R45: 4 | S45: =IF(OR(H45="failed",H45="no-answer",H45="missed-call"),1,0) -> 0 | U45: TN | V45: KA
A46: C183 | B46: Incoming | C46: 8099389567 | D46: 961525472 | E46: Amit Kulkarni | F46: Aditya Rao | G46: 1000000009 | H46: completed | I46: =IF(SalesData[[#This Row],[Status of Call]]="completed",1,0) -> 1 | J46: =1 -> 1 | K46: =SalesData[[#This Row],[Completed calls]]/SalesData[[#This Row],[Total calls]] -> 1 | L46: =IF(B46="incoming",1,0) -> 1 | M46: =IF(B46="Outgoing",1,0) -> 0 | N46: =IF(AND(B46="Incoming",H46="Completed"),1,0) -> 1 | O46: 46237 | P46: 46237.746 | Q46: 46237.746 | R46: 46 | S46: =IF(OR(H46="failed",H46="no-answer",H46="missed-call"),1,0) -> 0 | T46: 0.4 | U46: TN | V46: KA
A47: C184 | B47: Incoming | C47: 8099389567 | D47: 259732326 | E47: Rohit Das | F47: Abhishek Roy | G47: 1000000031 | H47: completed | I47: =IF(SalesData[[#This Row],[Status of Call]]="completed",1,0) -> 1 | J47: =1 -> 1 | K47: =SalesData[[#This Row],[Completed calls]]/SalesData[[#This Row],[Total calls]] -> 1 | L47: =IF(B47="incoming",1,0) -> 1 | M47: =IF(B47="Outgoing",1,0) -> 0 | N47: =IF(AND(B47="Incoming",H47="Completed"),1,0) -> 1 | O47: 46237 | P47: 46237.746 | Q47: 46237.747 | R47: 69 | S47: =IF(OR(H47="failed",H47="no-answer",H47="missed-call"),1,0) -> 0 | T47: 0.4 | U47: TN | V47: KA
A48: C186 | B48: Incoming | C48: 8099389567 | D48: 215983531 | E48: Aditi Shah | F48: Arjun Kapoor | G48: 1000000011 | H48: completed | I48: =IF(SalesData[[#This Row],[Status of Call]]="completed",1,0) -> 1 | J48: =1 -> 1 | K48: =SalesData[[#This Row],[Completed calls]]/SalesData[[#This Row],[Total calls]] -> 1 | L48: =IF(B48="incoming",1,0) -> 1 | M48: =IF(B48="Outgoing",1,0) -> 0 | N48: =IF(AND(B48="Incoming",H48="Completed"),1,0) -> 1 | O48: 46237 | P48: 46237.747 | Q48: 46237.748 | R48: 93 | S48: =IF(OR(H48="failed",H48="no-answer",H48="missed-call"),1,0) -> 0 | T48: 0.4 | U48: TN | V48: KA
A49: C189 | B49: Incoming | C49: 8099389567 | D49: 775853175 | E49: Nikhil Kapoor | F49: Rohit Bedi | G49: 1000000039 | H49: completed | I49: =IF(SalesData[[#This Row],[Status of Call]]="completed",1,0) -> 1 | J49: =1 -> 1 | K49: =SalesData[[#This Row],[Completed calls]]/SalesData[[#This Row],[Total calls]] -> 1 | L49: =IF(B49="incoming",1,0) -> 1 | M49: =IF(B49="Outgoing",1,0) -> 0 | N49: =IF(AND(B49="Incoming",H49="Completed"),1,0) -> 1 | O49: 46237 | P49: 46237.748 | Q49: 46237.754 | R49: 488 | S49: =IF(OR(H49="failed",H49="no-answer",H49="missed-call"),1,0) -> 0 | T49: 3.2 | U49: KA | V49: KA
A50: C19 | B50: Incoming | C50: 8099389567 | D50: 726803747 | E50: Akash Singh | F50: Amit Khanna | G50: 1000000035 | H50: completed | I50: =IF(SalesData[[#This Row],[Status of Call]]="completed",1,0) -> 1 | J50: =1 -> 1 | K50: =SalesData[[#This Row],[Completed calls]]/SalesData[[#This Row],[Total calls]] -> 1 | L50: =IF(B50="incoming",1,0) -> 1 | M50: =IF(B50="Outgoing",1,0) -> 0 | N50: =IF(AND(B50="Incoming",H50="Completed"),1,0) -> 1 | O50: 46236 | P50: 46236.392 | Q50: 46236.4 | R50: 672 | S50: =IF(OR(H50="failed",H50="no-answer",H50="missed-call"),1,0) -> 0 | T50: 4.4 | U50: KA | V50: KA
A51: C193 | B51: Incoming | C51: 8099389567 | D51: 187967563 | E51: Aditi Shah | F51: Nikhil Jain | G51: 1000000013 | H51: completed | I51: =IF(SalesData[[#This Row],[Status of Call]]="completed",1,0) -> 1 | J51: =1 -> 1 | K51: =SalesData[[#This Row],[Completed calls]]/SalesData[[#This Row],[Total calls]] -> 1 | L51: =IF(B51="incoming",1,0) -> 1 | M51: =IF(B51="Outgoing",1,0) -> 0 | N51: =IF(AND(B51="Incoming",H51="Completed"),1,0) -> 1 | O51: 46237 | P51: 46237.754 | Q51: 46237.754 | R51: 56 | S51: =IF(OR(H51="failed",H51="no-answer",H51="missed-call"),1,0) -> 0 | T51: 0.4 | U51: TN | V51: KA
A52: C194 | B52: Incoming | C52: 8099389567 | D52: 557621137 | E52: Sakshi Joshi | F52: Neha Bhat | G52: 1000000020 | H52: completed | I52: =IF(SalesData[[#This Row],[Status of Call]]="completed",1,0) -> 1 | J52: =1 -> 1 | K52: =SalesData[[#This Row],[Completed calls]]/SalesData[[#This Row],[Total calls]] -> 1 | L52: =IF(B52="incoming",1,0) -> 1 | M52: =IF(B52="Outgoing",1,0) -> 0 | N52: =IF(AND(B52="Incoming",H52="Completed"),1,0) -> 1 | O52: 46237 | P52: 46237.754 | Q52: 46237.755 | R52: 47 | S52: =IF(OR(H52="failed",H52="no-answer",H52="missed-call"),1,0) -> 0 | T52: 0.4 | U52: TN | V52: KA
A53: C195 | B53: Incoming | C53: 8099389567 | D53: 424606547 | E53: Amit Kulkarni | F53: Aditi Ghosh | G53: 1000000026 | H53: completed | I53: =IF(SalesData[[#This Row],[Status of Call]]="completed",1,0) -> 1 | J53: =1 -> 1 | K53: =SalesData[[#This Row],[Completed calls]]/SalesData[[#This Row],[Total calls]] -> 1 | L53: =IF(B53="incoming",1,0) -> 1 | M53: =IF(B53="Outgoing",1,0) -> 0 | N53: =IF(AND(B53="Incoming",H53="Completed"),1,0) -> 1 | O53: 46237 | P53: 46237.755 | Q53: 46237.755 | R53: 46 | S53: =IF(OR(H53="failed",H53="no-answer",H53="missed-call"),1,0) -> 0 | T53: 0.4 | U53: TN | V53: KA
A54: C196 | B54: Incoming | C54: 8099389567 | D54: 103960291 | E54: Akash Singh | F54: Shreya Pillai | G54: 1000000024 | H54: completed | I54: =IF(SalesData[[#This Row],[Status of Call]]="completed",1,0) -> 1 | J54: =1 -> 1 | K54: =SalesData[[#This Row],[Completed calls]]/SalesData[[#This Row],[Total calls]] -> 1 | L54: =IF(B54="incoming",1,0) -> 1 | M54: =IF(B54="Outgoing",1,0) -> 0 | N54: =IF(AND(B54="Incoming",H54="Completed"),1,0) -> 1 | O54: 46237 | P54: 46237.755 | Q54: 46237.761 | R54: 517 | S54: =IF(OR(H54="failed",H54="no-answer",H54="missed-call"),1,0) -> 0 | T54: 3.6 | U54: KA | V54: KA
A55: C197 | B55: Incoming | C55: 8099389567 | D55: 461637002 | E55: Sneha Reddy | F55: Deepak Saxena | G55: 1000000029 | H55: missed-call | I55: =IF(SalesData[[#This Row],[Status of Call]]="completed",1,0) -> 0 | J55: =1 -> 1 | K55: =SalesData[[#This Row],[Completed calls]]/SalesData[[#This Row],[Total calls]] -> 0 | L55: =IF(B55="incoming",1,0) -> 1 | M55: =IF(B55="Outgoing",1,0) -> 0 | N55: =IF(AND(B55="Incoming",H55="Completed"),1,0) -> 0 | O55: 46237 | P55: 46237.756 | Q55: 46237.756 | R55: 29 | S55: =IF(OR(H55="failed",H55="no-answer",H55="missed-call"),1,0) -> 1 | U55: TN | V55: KA
A56: C198 | B56: Incoming | C56: 8099389567 | D56: 913623755 | E56: Tanvi Reddy | F56: Pallavi Naik | G56: 1000000034 | H56: completed | I56: =IF(SalesData[[#This Row],[Status of Call]]="completed",1,0) -> 1 | J56: =1 -> 1 | K56: =SalesData[[#This Row],[Completed calls]]/SalesData[[#This Row],[Total calls]] -> 1 | L56: =IF(B56="incoming",1,0) -> 1 | M56: =IF(B56="Outgoing",1,0) -> 0 | N56: =IF(AND(B56="Incoming",H56="Completed"),1,0) -> 1 | O56: 46237 | P56: 46237.76 | Q56: 46237.766 | R56: 548 | S56: =IF(OR(H56="failed",H56="no-answer",H56="missed-call"),1,0) -> 0 | T56: 3.6 | U56: KA | V56: KA
A57: C199 | B57: Incoming | C57: 8099389567 | D57: 885279822 | E57: Anjali Menon | F57: Deepak Saxena | G57: 1000000029 | H57: completed | I57: =IF(SalesData[[#This Row],[Status of Call]]="completed",1,0) -> 1 | J57: =1 -> 1 | K57: =SalesData[[#This Row],[Completed calls]]/SalesData[[#This Row],[Total calls]] -> 1 | L57: =IF(B57="incoming",1,0) -> 1 | M57: =IF(B57="Outgoing",1,0) -> 0 | N57: =IF(AND(B57="Incoming",H57="Completed"),1,0) -> 1 | O57: 46237 | P57: 46237.768 | Q57: 46237.769 | R57: 57 | S57: =IF(OR(H57="failed",H57="no-answer",H57="missed-call"),1,0) -> 0 | T57: 0.4 | U57: TN | V57: KA
A58: C20 | B58: Incoming | C58: 8099389567 | D58: 751414407 | E58: Manish Kumar | F58: Priya Iyer | G58: 1000000006 | H58: completed | I58: =IF(SalesData[[#This Row],[Status of Call]]="completed",1,0) -> 1 | J58: =1 -> 1 | K58: =SalesData[[#This Row],[Completed calls]]/SalesData[[#This Row],[Total calls]] -> 1 | L58: =IF(B58="incoming",1,0) -> 1 | M58: =IF(B58="Outgoing",1,0) -> 0 | N58: =IF(AND(B58="Incoming",H58="Completed"),1,0) -> 1 | O58: 46236 | P58: 46236.421 | Q58: 46236.425 | R58: 318 | S58: =IF(OR(H58="failed",H58="no-answer",H58="missed-call"),1,0) -> 0 | T58: 2 | U58: KA | V58: KA
A59: C200 | B59: Incoming | C59: 8099389567 | D59: 969583290 | E59: Manish Kumar | F59: Sneha Reddy | G59: 1000000008 | H59: completed | I59: =IF(SalesData[[#This Row],[Status of Call]]="completed",1,0) -> 1 | J59: =1 -> 1 | K59: =SalesData[[#This Row],[Completed calls]]/SalesData[[#This Row],[Total calls]] -> 1 | L59: =IF(B59="incoming",1,0) -> 1 | M59: =IF(B59="Outgoing",1,0) -> 0 | N59: =IF(AND(B59="Incoming",H59="Completed"),1,0) -> 1 | O59: 46237 | P59: 46237.773 | Q59: 46237.774 | R59: 79 | S59: =IF(OR(H59="failed",H59="no-answer",H59="missed-call"),1,0) -> 0 | T59: 0.4 | U59: AP | V59: KA
A60: C201 | B60: Incoming | C60: 8099389567 | D60: 588209262 | E60: Rahul Verma | F60: Ishita Gupta | G60: 1000000016 | H60: call-attempt | I60: =IF(SalesData[[#This Row],[Status of Call]]="completed",1,0) -> 0 | J60: =1 -> 1 | K60: =SalesData[[#This Row],[Completed calls]]/SalesData[[#This Row],[Total calls]] -> 0 | L60: =IF(B60="incoming",1,0) -> 1 | M60: =IF(B60="Outgoing",1,0) -> 0 | N60: =IF(AND(B60="Incoming",H60="Completed"),1,0) -> 0 | O60: 46237 | P60: 46237.773 | Q60: 46237.773 | R60: 15 | S60: =IF(OR(H60="failed",H60="no-answer",H60="missed-call"),1,0) -> 0 | U60: TN | V60: KA
A61: C202 | B61: Incoming | C61: 8099389567 | D61: 91868821 | E61: Arjun Nair | F61: Varun Singh | G61: 1000000015 | H61: missed-call | I61: =IF(SalesData[[#This Row],[Status of Call]]="completed",1,0) -> 0 | J61: =1 -> 1 | K61: =SalesData[[#This Row],[Completed calls]]/SalesData[[#This Row],[Total calls]] -> 0 | L61: =IF(B61="incoming",1,0) -> 1 | M61: =IF(B61="Outgoing",1,0) -> 0 | N61: =IF(AND(B61="Incoming",H61="Completed"),1,0) -> 0 | O61: 46237 | P61: 46237.78 | Q61: 46237.781 | R61: 29 | S61: =IF(OR(H61="failed",H61="no-answer",H61="missed-call"),1,0) -> 1 | U61: KA | V61: KA
A62: C203 | B62: Incoming | C62: 8099389567 | D62: 438896307 | E62: Rohan Mehta | F62: Karan Malhotra | G62: 1000000005 | H62: completed | I62: =IF(SalesData[[#This Row],[Status of Call]]="completed",1,0) -> 1 | J62: =1 -> 1 | K62: =SalesData[[#This Row],[Completed calls]]/SalesData[[#This Row],[Total calls]] -> 1 | L62: =IF(B62="incoming",1,0) -> 1 | M62: =IF(B62="Outgoing",1,0) -> 0 | N62: =IF(AND(B62="Incoming",H62="Completed"),1,0) -> 1 | O62: 46237 | P62: 46237.781 | Q62: 46237.782 | R62: 80 | S62: =IF(OR(H62="failed",H62="no-answer",H62="missed-call"),1,0) -> 0 | T62: 0.4 | U62: TN | V62: KA
A63: C204 | B63: Incoming | C63: 8099389567 | D63: 420981929 | E63: Sakshi Joshi | F63: Divya Sethi | G63: 1000000022 | H63: call-attempt | I63: =IF(SalesData[[#This Row],[Status of Call]]="completed",1,0) -> 0 | J63: =1 -> 1 | K63: =SalesData[[#This Row],[Completed calls]]/SalesData[[#This Row],[Total calls]] -> 0 | L63: =IF(B63="incoming",1,0) -> 1 | M63: =IF(B63="Outgoing",1,0) -> 0 | N63: =IF(AND(B63="Incoming",H63="Completed"),1,0) -> 0 | O63: 46237 | P63: 46237.785 | Q63: 46237.785 | R63: 17 | S63: =IF(OR(H63="failed",H63="no-answer",H63="missed-call"),1,0) -> 0 | U63: KA | V63: KA
A64: C205 | B64: Incoming | C64: 8099389567 | D64: 113927933 | E64: Riya Mehta | F64: Riya Mehta | G64: 1000000002 | H64: call-attempt | I64: =IF(SalesData[[#This Row],[Status of Call]]="completed",1,0) -> 0 | J64: =1 -> 1 | K64: =SalesData[[#This Row],[Completed calls]]/SalesData[[#This Row],[Total calls]] -> 0 | L64: =IF(B64="incoming",1,0) -> 1 | M64: =IF(B64="Outgoing",1,0) -> 0 | N64: =IF(AND(B64="Incoming",H64="Completed"),1,0) -> 0 | O64: 46237 | P64: 46237.805 | Q64: 46237.805 | R64: 7 | S64: =IF(OR(H64="failed",H64="no-answer",H64="missed-call"),1,0) -> 0 | U64: KA | V64: KA
A65: C206 | B65: Incoming | C65: 8099389567 | D65: 147270406 | E65: Ishita Kapoor | F65: Nisha Shetty | G65: 1000000038 | H65: missed-call | I65: =IF(SalesData[[#This Row],[Status of Call]]="completed",1,0) -> 0 | J65: =1 -> 1 | K65: =SalesData[[#This Row],[Completed calls]]/SalesData[[#This Row],[Total calls]] -> 0 | L65: =IF(B65="incoming",1,0) -> 1 | M65: =IF(B65="Outgoing",1,0) -> 0 | N65: =IF(AND(B65="Incoming",H65="Completed"),1,0) -> 0 | O65: 46237 | P65: 46237.81 | Q65: 46237.811 | R65: 79 | S65: =IF(OR(H65="failed",H65="no-answer",H65="missed-call"),1,0) -> 1 | U65: TN | V65: KA
A66: C207 | B66: Incoming | C66: 8099389567 | D66: 720428047 | E66: Rohit Das | F66: Kriti Dutta | G66: 1000000036 | H66: missed-call | I66: =IF(SalesData[[#This Row],[Status of Call]]="completed",1,0) -> 0 | J66: =1 -> 1 | K66: =SalesData[[#This Row],[Completed calls]]/SalesData[[#This Row],[Total calls]] -> 0 | L66: =IF(B66="incoming",1,0) -> 1 | M66: =IF(B66="Outgoing",1,0) -> 0 | N66: =IF(AND(B66="Incoming",H66="Completed"),1,0) -> 0 | O66: 46237 | P66: 46237.974 | Q66: 46237.975 | R66: 47 | S66: =IF(OR(H66="failed",H66="no-answer",H66="missed-call"),1,0) -> 1 | U66: AP | V66: KA
A67: C208 | B67: Incoming | C67: 8099389567 | D67: 773275153 | E67: Kriti Singh | F67: Varun Singh | G67: 1000000015 | H67: missed-call | I67: =IF(SalesData[[#This Row],[Status of Call]]="completed",1,0) -> 0 | J67: =1 -> 1 | K67: =SalesData[[#This Row],[Completed calls]]/SalesData[[#This Row],[Total calls]] -> 0 | L67: =IF(B67="incoming",1,0) -> 1 | M67: =IF(B67="Outgoing",1,0) -> 0 | N67: =IF(AND(B67="Incoming",H67="Completed"),1,0) -> 0 | O67: 46238 | P67: 46238.31 | Q67: 46238.31 | R67: 28 | S67: =IF(OR(H67="failed",H67="no-answer",H67="missed-call"),1,0) -> 1 | U67: RJ | V67: KA
A68: C209 | B68: Incoming | C68: 8099389567 | D68: 661813281 | E68: Neha Gupta | F68: Nisha Shetty | G68: 1000000038 | H68: call-attempt | I68: =IF(SalesData[[#This Row],[Status of Call]]="completed",1,0) -> 0 | J68: =1 -> 1 | K68: =SalesData[[#This Row],[Completed calls]]/SalesData[[#This Row],[Total calls]] -> 0 | L68: =IF(B68="incoming",1,0) -> 1 | M68: =IF(B68="Outgoing",1,0) -> 0 | N68: =IF(AND(B68="Incoming",H68="Completed"),1,0) -> 0 | O68: 46238 | P68: 46238.425 | Q68: 46238.425 | R68: 2 | S68: =IF(OR(H68="failed",H68="no-answer",H68="missed-call"),1,0) -> 0 | U68: KA | V68: KA
A69: C21 | B69: Incoming | C69: 8099389567 | D69: 816841081 | E69: Aditya Rao | F69: Nisha Shetty | G69: 1000000038 | H69: completed | I69: =IF(SalesData[[#This Row],[Status of Call]]="completed",1,0) -> 1 | J69: =1 -> 1 | K69: =SalesData[[#This Row],[Completed calls]]/SalesData[[#This Row],[Total calls]] -> 1 | L69: =IF(B69="incoming",1,0) -> 1 | M69: =IF(B69="Outgoing",1,0) -> 0 | N69: =IF(AND(B69="Incoming",H69="Completed"),1,0) -> 1 | O69: 46236 | P69: 46236.427 | Q69: 46236.432 | R69: 422 | S69: =IF(OR(H69="failed",H69="no-answer",H69="missed-call"),1,0) -> 0 | T69: 2.8 | U69: KA | V69: KA
A70: C210 | B70: Incoming | C70: 8099389567 | D70: 946810736 | E70: Amit Kulkarni | F70: Varun Singh | G70: 1000000015 | H70: completed | I70: =IF(SalesData[[#This Row],[Status of Call]]="completed",1,0) -> 1 | J70: =1 -> 1 | K70: =SalesData[[#This Row],[Completed calls]]/SalesData[[#This Row],[Total calls]] -> 1 | L70: =IF(B70="incoming",1,0) -> 1 | M70: =IF(B70="Outgoing",1,0) -> 0 | N70: =IF(AND(B70="Incoming",H70="Completed"),1,0) -> 1 | O70: 46238 | P70: 46238.425 | Q70: 46238.425 | R70: 62 | S70: =IF(OR(H70="failed",H70="no-answer",H70="missed-call"),1,0) -> 0 | T70: 0.4 | U70: KA | V70: KA
A71: C211 | B71: Incoming | C71: 8099389567 | D71: 482395652 | E71: Sanjay Nair | F71: Aarav Sharma | G71: 1000000001 | H71: completed | I71: =IF(SalesData[[#This Row],[Status of Call]]="completed",1,0) -> 1 | J71: =1 -> 1 | K71: =SalesData[[#This Row],[Completed calls]]/SalesData[[#This Row],[Total calls]] -> 1 | L71: =IF(B71="incoming",1,0) -> 1 | M71: =IF(B71="Outgoing",1,0) -> 0 | N71: =IF(AND(B71="Incoming",H71="Completed"),1,0) -> 1 | O71: 46238 | P71: 46238.448 | Q71: 46238.454 | R71: 465 | S71: =IF(OR(H71="failed",H71="no-answer",H71="missed-call"),1,0) -> 0 | T71: 3.2 | U71: KA | V71: KA
A72: C212 | B72: Incoming | C72: 8099389567 | D72: 219980597 | E72: Sneha Reddy | F72: Karan Malhotra | G72: 1000000005 | H72: completed | I72: =IF(SalesData[[#This Row],[Status of Call]]="completed",1,0) -> 1 | J72: =1 -> 1 | K72: =SalesData[[#This Row],[Completed calls]]/SalesData[[#This Row],[Total calls]] -> 1 | L72: =IF(B72="incoming",1,0) -> 1 | M72: =IF(B72="Outgoing",1,0) -> 0 | N72: =IF(AND(B72="Incoming",H72="Completed"),1,0) -> 1 | O72: 46238 | P72: 46238.474 | Q72: 46238.474 | R72: 50 | S72: =IF(OR(H72="failed",H72="no-answer",H72="missed-call"),1,0) -> 0 | T72: 0.4 | U72: KA | V72: KA
A73: C213 | B73: Incoming | C73: 8099389567 | D73: 476905894 | E73: Meera Joshi | F73: Ananya Nair | G73: 1000000004 | H73: completed | I73: =IF(SalesData[[#This Row],[Status of Call]]="completed",1,0) -> 1 | J73: =1 -> 1 | K73: =SalesData[[#This Row],[Completed calls]]/SalesData[[#This Row],[Total calls]] -> 1 | L73: =IF(B73="incoming",1,0) -> 1 | M73: =IF(B73="Outgoing",1,0) -> 0 | N73: =IF(AND(B73="Incoming",H73="Completed"),1,0) -> 1 | O73: 46238 | P73: 46238.494 | Q73: 46238.495 | R73: 48 | S73: =IF(OR(H73="failed",H73="no-answer",H73="missed-call"),1,0) -> 0 | T73: 0.4 | U73: KA | V73: KA
A74: C215 | B74: Incoming | C74: 8099389567 | D74: 938686844 | E74: Rohit Das | F74: Karan Malhotra | G74: 1000000005 | H74: completed | I74: =IF(SalesData[[#This Row],[Status of Call]]="completed",1,0) -> 1 | J74: =1 -> 1 | K74: =SalesData[[#This Row],[Completed calls]]/SalesData[[#This Row],[Total calls]] -> 1 | L74: =IF(B74="incoming",1,0) -> 1 | M74: =IF(B74="Outgoing",1,0) -> 0 | N74: =IF(AND(B74="Incoming",H74="Completed"),1,0) -> 1 | O74: 46238 | P74: 46238.523 | Q74: 46238.534 | R74: 926 | S74: =IF(OR(H74="failed",H74="no-answer",H74="missed-call"),1,0) -> 0 | T74: 6 | U74: KA | V74: KA
A75: C216 | B75: Incoming | C75: 8099389567 | D75: 873030586 | E75: Divya Rao | F75: Vikram Patel | G75: 1000000003 | H75: missed-call | I75: =IF(SalesData[[#This Row],[Status of Call]]="completed",1,0) -> 0 | J75: =1 -> 1 | K75: =SalesData[[#This Row],[Completed calls]]/SalesData[[#This Row],[Total calls]] -> 0 | L75: =IF(B75="incoming",1,0) -> 1 | M75: =IF(B75="Outgoing",1,0) -> 0 | N75: =IF(AND(B75="Incoming",H75="Completed"),1,0) -> 0 | O75: 46238 | P75: 46238.528 | Q75: 46238.529 | R75: 96 | S75: =IF(OR(H75="failed",H75="no-answer",H75="missed-call"),1,0) -> 1 | U75: TN | V75: KA
A76: C219 | B76: Incoming | C76: 8099389567 | D76: 584995501 | E76: Kriti Singh | F76: Gaurav Bansal | G76: 1000000033 | H76: completed | I76: =IF(SalesData[[#This Row],[Status of Call]]="completed",1,0) -> 1 | J76: =1 -> 1 | K76: =SalesData[[#This Row],[Completed calls]]/SalesData[[#This Row],[Total calls]] -> 1 | L76: =IF(B76="incoming",1,0) -> 1 | M76: =IF(B76="Outgoing",1,0) -> 0 | N76: =IF(AND(B76="Incoming",H76="Completed"),1,0) -> 1 | O76: 46238 | P76: 46238.575 | Q76: 46238.581 | R76: 490 | S76: =IF(OR(H76="failed",H76="no-answer",H76="missed-call"),1,0) -> 0 | T76: 3.2 | U76: MP | V76: KA
A77: C223 | B77: Incoming | C77: 8099389567 | D77: 492252933 | E77: Pooja Shah | F77: Pooja Shah | G77: 1000000014 | H77: missed-call | I77: =IF(SalesData[[#This Row],[Status of Call]]="completed",1,0) -> 0 | J77: =1 -> 1 | K77: =SalesData[[#This Row],[Completed calls]]/SalesData[[#This Row],[Total calls]] -> 0 | L77: =IF(B77="incoming",1,0) -> 1 | M77: =IF(B77="Outgoing",1,0) -> 0 | N77: =IF(AND(B77="Incoming",H77="Completed"),1,0) -> 0 | O77: 46238 | P77: 46238.598 | Q77: 46238.599 | R77: 53 | S77: =IF(OR(H77="failed",H77="no-answer",H77="missed-call"),1,0) -> 1 | U77: MP | V77: KA
A78: C224 | B78: Incoming | C78: 8099389567 | D78: 819229435 | E78: Manish Kumar | F78: Amit Khanna | G78: 1000000035 | H78: missed-call | I78: =IF(SalesData[[#This Row],[Status of Call]]="completed",1,0) -> 0 | J78: =1 -> 1 | K78: =SalesData[[#This Row],[Completed calls]]/SalesData[[#This Row],[Total calls]] -> 0 | L78: =IF(B78="incoming",1,0) -> 1 | M78: =IF(B78="Outgoing",1,0) -> 0 | N78: =IF(AND(B78="Incoming",H78="Completed"),1,0) -> 0 | O78: 46238 | P78: 46238.611 | Q78: 46238.612 | R78: 86 | S78: =IF(OR(H78="failed",H78="no-answer",H78="missed-call"),1,0) -> 1 | U78: MP | V78: KA
A79: C228 | B79: Incoming | C79: 8099389567 | D79: 259539026 | E79: Amit Kulkarni | F79: Abhishek Roy | G79: 1000000031 | H79: completed | I79: =IF(SalesData[[#This Row],[Status of Call]]="completed",1,0) -> 1 | J79: =1 -> 1 | K79: =SalesData[[#This Row],[Completed calls]]/SalesData[[#This Row],[Total calls]] -> 1 | L79: =IF(B79="incoming",1,0) -> 1 | M79: =IF(B79="Outgoing",1,0) -> 0 | N79: =IF(AND(B79="Incoming",H79="Completed"),1,0) -> 1 | O79: 46238 | P79: 46238.67 | Q79: 46238.671 | R79: 62 | S79: =IF(OR(H79="failed",H79="no-answer",H79="missed-call"),1,0) -> 0 | T79: 0.4 | U79: KA | V79: KA
A80: C235 | B80: Incoming | C80: 8099389567 | D80: 38108562 | E80: Kavya Menon | F80: Simran Kaur | G80: 1000000028 | H80: completed | I80: =IF(SalesData[[#This Row],[Status of Call]]="completed",1,0) -> 1 | J80: =1 -> 1 | K80: =SalesData[[#This Row],[Completed calls]]/SalesData[[#This Row],[Total calls]] -> 1 | L80: =IF(B80="incoming",1,0) -> 1 | M80: =IF(B80="Outgoing",1,0) -> 0 | N80: =IF(AND(B80="Incoming",H80="Completed"),1,0) -> 1 | O80: 46238 | P80: 46238.705 | Q80: 46238.711 | R80: 526 | S80: =IF(OR(H80="failed",H80="no-answer",H80="missed-call"),1,0) -> 0 | T80: 3.2 | U80: KA | V80: KA
A81: C243 | B81: Incoming | C81: 8099389567 | D81: 489892706 | E81: Sanjay Nair | F81: Aditi Ghosh | G81: 1000000026 | H81: completed | I81: =IF(SalesData[[#This Row],[Status of Call]]="completed",1,0) -> 1 | J81: =1 -> 1 | K81: =SalesData[[#This Row],[Completed calls]]/SalesData[[#This Row],[Total calls]] -> 1 | L81: =IF(B81="incoming",1,0) -> 1 | M81: =IF(B81="Outgoing",1,0) -> 0 | N81: =IF(AND(B81="Incoming",H81="Completed"),1,0) -> 1 | O81: 46238 | P81: 46238.733 | Q81: 46238.743 | R81: 799 | S81: =IF(OR(H81="failed",H81="no-answer",H81="missed-call"),1,0) -> 0 | T81: 5.2 | U81: KA | V81: KA
A82: C244 | B82: Incoming | C82: 8099389567 | D82: 266912191 | E82: Vivek Gupta | F82: Divya Sethi | G82: 1000000022 | H82: completed | I82: =IF(SalesData[[#This Row],[Status of Call]]="completed",1,0) -> 1 | J82: =1 -> 1 | K82: =SalesData[[#This Row],[Completed calls]]/SalesData[[#This Row],[Total calls]] -> 1 | L82: =IF(B82="incoming",1,0) -> 1 | M82: =IF(B82="Outgoing",1,0) -> 0 | N82: =IF(AND(B82="Incoming",H82="Completed"),1,0) -> 1 | O82: 46238 | P82: 46238.737 | Q82: 46238.742 | R82: 429 | S82: =IF(OR(H82="failed",H82="no-answer",H82="missed-call"),1,0) -> 0 | T82: 2.8 | U82: KA | V82: KA
A83: C246 | B83: Incoming | C83: 8099389567 | D83: 574911083 | E83: Harsh Patel | F83: Ishita Gupta | G83: 1000000016 | H83: completed | I83: =IF(SalesData[[#This Row],[Status of Call]]="completed",1,0) -> 1 | J83: =1 -> 1 | K83: =SalesData[[#This Row],[Completed calls]]/SalesData[[#This Row],[Total calls]] -> 1 | L83: =IF(B83="incoming",1,0) -> 1 | M83: =IF(B83="Outgoing",1,0) -> 0 | N83: =IF(AND(B83="Incoming",H83="Completed"),1,0) -> 1 | O83: 46238 | P83: 46238.753 | Q83: 46238.768 | R83: 1292 | S83: =IF(OR(H83="failed",H83="no-answer",H83="missed-call"),1,0) -> 0 | T83: 4.4 | U83: KA | V83: KA
A84: C25 | B84: Incoming | C84: 8099389567 | D84: 799404284 | E84: Divya Rao | F84: Priya Iyer | G84: 1000000006 | H84: completed | I84: =IF(SalesData[[#This Row],[Status of Call]]="completed",1,0) -> 1 | J84: =1 -> 1 | K84: =SalesData[[#This Row],[Completed calls]]/SalesData[[#This Row],[Total calls]] -> 1 | L84: =IF(B84="incoming",1,0) -> 1 | M84: =IF(B84="Outgoing",1,0) -> 0 | N84: =IF(AND(B84="Incoming",H84="Completed"),1,0) -> 1 | O84: 46236 | P84: 46236.443 | Q84: 46236.46 | R84: 1526 | S84: =IF(OR(H84="failed",H84="no-answer",H84="missed-call"),1,0) -> 0 | T84: 10 | U84: KA | V84: KA
A85: C250 | B85: Incoming | C85: 8099389567 | D85: 411445559 | E85: Manish Kumar | F85: Deepak Saxena | G85: 1000000029 | H85: completed | I85: =IF(SalesData[[#This Row],[Status of Call]]="completed",1,0) -> 1 | J85: =1 -> 1 | K85: =SalesData[[#This Row],[Completed calls]]/SalesData[[#This Row],[Total calls]] -> 1 | L85: =IF(B85="incoming",1,0) -> 1 | M85: =IF(B85="Outgoing",1,0) -> 0 | N85: =IF(AND(B85="Incoming",H85="Completed"),1,0) -> 1 | O85: 46238 | P85: 46238.759 | Q85: 46238.763 | R85: 340 | S85: =IF(OR(H85="failed",H85="no-answer",H85="missed-call"),1,0) -> 0 | T85: 2.4 | U85: KA | V85: KA
A86: C252 | B86: Incoming | C86: 8099389567 | D86: 420715001 | E86: Nikhil Kapoor | F86: Simran Kaur | G86: 1000000028 | H86: completed | I86: =IF(SalesData[[#This Row],[Status of Call]]="completed",1,0) -> 1 | J86: =1 -> 1 | K86: =SalesData[[#This Row],[Completed calls]]/SalesData[[#This Row],[Total calls]] -> 1 | L86: =IF(B86="incoming",1,0) -> 1 | M86: =IF(B86="Outgoing",1,0) -> 0 | N86: =IF(AND(B86="Incoming",H86="Completed"),1,0) -> 1 | O86: 46238 | P86: 46238.769 | Q86: 46238.776 | R86: 686 | S86: =IF(OR(H86="failed",H86="no-answer",H86="missed-call"),1,0) -> 0 | T86: 4.4 | U86: KA | V86: KA
A87: C253 | B87: Incoming | C87: 8099389567 | D87: 8301427 | E87: Neha Gupta | F87: Kavya Menon | G87: 1000000012 | H87: call-attempt | I87: =IF(SalesData[[#This Row],[Status of Call]]="completed",1,0) -> 0 | J87: =1 -> 1 | K87: =SalesData[[#This Row],[Completed calls]]/SalesData[[#This Row],[Total calls]] -> 0 | L87: =IF(B87="incoming",1,0) -> 1 | M87: =IF(B87="Outgoing",1,0) -> 0 | N87: =IF(AND(B87="Incoming",H87="Completed"),1,0) -> 0 | O87: 46238 | P87: 46238.781 | Q87: 46238.781 | R87: 16 | S87: =IF(OR(H87="failed",H87="no-answer",H87="missed-call"),1,0) -> 0 | U87: KA | V87: KA
A88: C254 | B88: Incoming | C88: 8099389567 | D88: 671261832 | E88: Pooja Shah | F88: Tanvi Kulkarni | G88: 1000000018 | H88: completed | I88: =IF(SalesData[[#This Row],[Status of Call]]="completed",1,0) -> 1 | J88: =1 -> 1 | K88: =SalesData[[#This Row],[Completed calls]]/SalesData[[#This Row],[Total calls]] -> 1 | L88: =IF(B88="incoming",1,0) -> 1 | M88: =IF(B88="Outgoing",1,0) -> 0 | N88: =IF(AND(B88="Incoming",H88="Completed"),1,0) -> 1 | O88: 46238 | P88: 46238.787 | Q88: 46238.793 | R88: 477 | S88: =IF(OR(H88="failed",H88="no-answer",H88="missed-call"),1,0) -> 0 | T88: 2.8 | U88: KA | V88: KA
A89: C255 | B89: Incoming | C89: 8099389567 | D89: 769585344 | E89: Rahul Verma | F89: Nandini Bose | G89: 1000000030 | H89: completed | I89: =IF(SalesData[[#This Row],[Status of Call]]="completed",1,0) -> 1 | J89: =1 -> 1 | K89: =SalesData[[#This Row],[Completed calls]]/SalesData[[#This Row],[Total calls]] -> 1 | L89: =IF(B89="incoming",1,0) -> 1 | M89: =IF(B89="Outgoing",1,0) -> 0 | N89: =IF(AND(B89="Incoming",H89="Completed"),1,0) -> 1 | O89: 46238 | P89: 46238.801 | Q89: 46238.802 | R89: 67 | S89: =IF(OR(H89="failed",H89="no-answer",H89="missed-call"),1,0) -> 0 | T89: 0.4 | U89: KA | V89: KA
A90: C258 | B90: Incoming | C90: 8099389567 | D90: 616911945 | E90: Simran Kaur | F90: Deepak Saxena | G90: 1000000029 | H90: completed | I90: =IF(SalesData[[#This Row],[Status of Call]]="completed",1,0) -> 1 | J90: =1 -> 1 | K90: =SalesData[[#This Row],[Completed calls]]/SalesData[[#This Row],[Total calls]] -> 1 | L90: =IF(B90="incoming",1,0) -> 1 | M90: =IF(B90="Outgoing",1,0) -> 0 | N90: =IF(AND(B90="Incoming",H90="Completed"),1,0) -> 1 | O90: 46238 | P90: 46238.818 | Q90: 46238.819 | R90: 124 | S90: =IF(OR(H90="failed",H90="no-answer",H90="missed-call"),1,0) -> 0 | T90: 0.4 | U90: KA | V90: KA
A91: C259 | B91: Incoming | C91: 8099389567 | D91: 857100076 | E91: Rahul Verma | F91: Kriti Dutta | G91: 1000000036 | H91: completed | I91: =IF(SalesData[[#This Row],[Status of Call]]="completed",1,0) -> 1 | J91: =1 -> 1 | K91: =SalesData[[#This Row],[Completed calls]]/SalesData[[#This Row],[Total calls]] -> 1 | L91: =IF(B91="incoming",1,0) -> 1 | M91: =IF(B91="Outgoing",1,0) -> 0 | N91: =IF(AND(B91="Incoming",H91="Completed"),1,0) -> 1 | O91: 46238 | P91: 46238.831 | Q91: 46238.842 | R91: 966 | S91: =IF(OR(H91="failed",H91="no-answer",H91="missed-call"),1,0) -> 0 | T91: 6 | U91: KA | V91: KA
A92: C26 | B92: Incoming | C92: 8099389567 | D92: 913319262 | E92: Shreya Iyer | F92: Pooja Shah | G92: 1000000014 | H92: call-attempt | I92: =IF(SalesData[[#This Row],[Status of Call]]="completed",1,0) -> 0 | J92: =1 -> 1 | K92: =SalesData[[#This Row],[Completed calls]]/SalesData[[#This Row],[Total calls]] -> 0 | L92: =IF(B92="incoming",1,0) -> 1 | M92: =IF(B92="Outgoing",1,0) -> 0 | N92: =IF(AND(B92="Incoming",H92="Completed"),1,0) -> 0 | O92: 46236 | P92: 46236.444 | Q92: 46236.444 | R92: 19 | S92: =IF(OR(H92="failed",H92="no-answer",H92="missed-call"),1,0) -> 0 | U92: KA | V92: KA
A93: C260 | B93: Incoming | C93: 8099389567 | D93: 87299898 | E93: Manish Kumar | F93: Rahul Verma | G93: 1000000007 | H93: completed | I93: =IF(SalesData[[#This Row],[Status of Call]]="completed",1,0) -> 1 | J93: =1 -> 1 | K93: =SalesData[[#This Row],[Completed calls]]/SalesData[[#This Row],[Total calls]] -> 1 | L93: =IF(B93="incoming",1,0) -> 1 | M93: =IF(B93="Outgoing",1,0) -> 0 | N93: =IF(AND(B93="Incoming",H93="Completed"),1,0) -> 1 | O93: 46238 | P93: 46238.885 | Q93: 46238.888 | R93: 226 | S93: =IF(OR(H93="failed",H93="no-answer",H93="missed-call"),1,0) -> 0 | T93: 1.6 | U93: KA | V93: KA
A94: C261 | B94: Incoming | C94: 8099389567 | D94: 949454801 | E94: Akash Singh | F94: Ananya Nair | G94: 1000000004 | H94: call-attempt | I94: =IF(SalesData[[#This Row],[Status of Call]]="completed",1,0) -> 0 | J94: =1 -> 1 | K94: =SalesData[[#This Row],[Completed calls]]/SalesData[[#This Row],[Total calls]] -> 0 | L94: =IF(B94="incoming",1,0) -> 1 | M94: =IF(B94="Outgoing",1,0) -> 0 | N94: =IF(AND(B94="Incoming",H94="Completed"),1,0) -> 0 | O94: 46238 | P94: 46238.986 | Q94: 46238.986 | R94: 8 | S94: =IF(OR(H94="failed",H94="no-answer",H94="missed-call"),1,0) -> 0 | U94: HR | V94: KA
A95: C262 | B95: Incoming | C95: 8099389567 | D95: 443662717 | E95: Vikram Patel | F95: Amit Khanna | G95: 1000000035 | H95: call-attempt | I95: =IF(SalesData[[#This Row],[Status of Call]]="completed",1,0) -> 0 | J95: =1 -> 1 | K95: =SalesData[[#This Row],[Completed calls]]/SalesData[[#This Row],[Total calls]] -> 0 | L95: =IF(B95="incoming",1,0) -> 1 | M95: =IF(B95="Outgoing",1,0) -> 0 | N95: =IF(AND(B95="Incoming",H95="Completed"),1,0) -> 0 | O95: 46239 | P95: 46239.442 | Q95: 46239.442 | R95: 24 | S95: =IF(OR(H95="failed",H95="no-answer",H95="missed-call"),1,0) -> 0 | U95: KA | V95: KA
A96: C263 | B96: Incoming | C96: 8099389567 | D96: 232227603 | E96: Manish Kumar | F96: Aarav Sharma | G96: 1000000001 | H96: completed | I96: =IF(SalesData[[#This Row],[Status of Call]]="completed",1,0) -> 1 | J96: =1 -> 1 | K96: =SalesData[[#This Row],[Completed calls]]/SalesData[[#This Row],[Total calls]] -> 1 | L96: =IF(B96="incoming",1,0) -> 1 | M96: =IF(B96="Outgoing",1,0) -> 0 | N96: =IF(AND(B96="Incoming",H96="Completed"),1,0) -> 1 | O96: 46239 | P96: 46239.464 | Q96: 46239.469 | R96: 477 | S96: =IF(OR(H96="failed",H96="no-answer",H96="missed-call"),1,0) -> 0 | T96: 3.2 | U96: KA | V96: KA
A97: C264 | B97: Incoming | C97: 8099389567 | D97: 811477450 | E97: Pallavi Rao | F97: Priya Iyer | G97: 1000000006 | H97: call-attempt | I97: =IF(SalesData[[#This Row],[Status of Call]]="completed",1,0) -> 0 | J97: =1 -> 1 | K97: =SalesData[[#This Row],[Completed calls]]/SalesData[[#This Row],[Total calls]] -> 0 | L97: =IF(B97="incoming",1,0) -> 1 | M97: =IF(B97="Outgoing",1,0) -> 0 | N97: =IF(AND(B97="Incoming",H97="Completed"),1,0) -> 0 | O97: 46239 | P97: 46239.479 | Q97: 46239.479 | R97: 8 | S97: =IF(OR(H97="failed",H97="no-answer",H97="missed-call"),1,0) -> 0 | U97: UE | V97: KA
A98: C265 | B98: Incoming | C98: 8099389567 | D98: 924776704 | E98: Nisha Verma | F98: Ishita Gupta | G98: 1000000016 | H98: call-attempt | I98: =IF(SalesData[[#This Row],[Status of Call]]="completed",1,0) -> 0 | J98: =1 -> 1 | K98: =SalesData[[#This Row],[Completed calls]]/SalesData[[#This Row],[Total calls]] -> 0 | L98: =IF(B98="incoming",1,0) -> 1 | M98: =IF(B98="Outgoing",1,0) -> 0 | N98: =IF(AND(B98="Incoming",H98="Completed"),1,0) -> 0 | O98: 46239 | P98: 46239.485 | Q98: 46239.485 | R98: 4 | S98: =IF(OR(H98="failed",H98="no-answer",H98="missed-call"),1,0) -> 0 | U98: KA | V98: KA
A99: C266 | B99: Incoming | C99: 8099389567 | D99: 577932950 | E99: Harsh Patel | F99: Arjun Kapoor | G99: 1000000011 | H99: call-attempt | I99: =IF(SalesData[[#This Row],[Status of Call]]="completed",1,0) -> 0 | J99: =1 -> 1 | K99: =SalesData[[#This Row],[Completed calls]]/SalesData[[#This Row],[Total calls]] -> 0 | L99: =IF(B99="incoming",1,0) -> 1 | M99: =IF(B99="Outgoing",1,0) -> 0 | N99: =IF(AND(B99="Incoming",H99="Completed"),1,0) -> 0 | O99: 46239 | P99: 46239.495 | Q99: 46239.495 | R99: 11 | S99: =IF(OR(H99="failed",H99="no-answer",H99="missed-call"),1,0) -> 0 | U99: KA | V99: KA
A100: C267 | B100: Incoming | C100: 8099389567 | D100: 278610949 | E100: Ishita Kapoor | F100: Vivek Chawla | G100: 1000000027 | H100: completed | I100: =IF(SalesData[[#This Row],[Status of Call]]="completed",1,0) -> 1 | J100: =1 -> 1 | K100: =SalesData[[#This Row],[Completed calls]]/SalesData[[#This Row],[Total calls]] -> 1 | L100: =IF(B100="incoming",1,0) -> 1 | M100: =IF(B100="Outgoing",1,0) -> 0 | N100: =IF(AND(B100="Incoming",H100="Completed"),1,0) -> 1 | O100: 46239 | P100: 46239.502 | Q100: 46239.503 | R100: 83 | S100: =IF(OR(H100="failed",H100="no-answer",H100="missed-call"),1,0) -> 0 | T100: 0.4 | U100: KA | V100: KA
...

Sheet Calculations
A1: Salesperson Performance Calculations
A3: Sales Person Name | B3: Direction | C3: Status of Call | D3: Incoming Flag | E3: Outgoing Flag | F3: Completed Flag | G3: Completed Incoming | H3: Conversion Rate | I3: Call Duration | J3: Price for a Call | K3: Date
A4: =Raw_Data!E2 -> Sanjay Nair | B4: =Raw_Data!B2 -> Incoming | C4: =Raw_Data!H2 -> call-attempt | D4: =Raw_Data!L2 -> 1 | E4: =Raw_Data!M2 -> 0 | F4: =Raw_Data!I2 -> 0 | G4: =Raw_Data!N2 -> 0 | H4: =Raw_Data!K2 -> 0 | I4: =Raw_Data!R2 -> 8 | J4: =Raw_Data!T2 -> 0 | K4: =Raw_Data!O2 -> 46237
A5: =Raw_Data!E3 -> Pooja Shah | B5: =Raw_Data!B3 -> Incoming | C5: =Raw_Data!H3 -> call-attempt | D5: =Raw_Data!L3 -> 1 | E5: =Raw_Data!M3 -> 0 | F5: =Raw_Data!I3 -> 0 | G5: =Raw_Data!N3 -> 0 | H5: =Raw_Data!K3 -> 0 | I5: =Raw_Data!R3 -> 21 | J5: =Raw_Data!T3 -> 0 | K5: =Raw_Data!O3 -> 46237
A6: =Raw_Data!E4 -> Akash Singh | B6: =Raw_Data!B4 -> Incoming | C6: =Raw_Data!H4 -> completed | D6: =Raw_Data!L4 -> 1 | E6: =Raw_Data!M4 -> 0 | F6: =Raw_Data!I4 -> 1 | G6: =Raw_Data!N4 -> 1 | H6: =Raw_Data!K4 -> 1 | I6: =Raw_Data!R4 -> 426 | J6: =Raw_Data!T4 -> 2.8 | K6: =Raw_Data!O4 -> 46237 | V6: =SalesData[[#This Row],[Sales Person Number]] -> 925746665
A7: =Raw_Data!E5 -> Priya Nair | B7: =Raw_Data!B5 -> Incoming | C7: =Raw_Data!H5 -> completed | D7: =Raw_Data!L5 -> 1 | E7: =Raw_Data!M5 -> 0 | F7: =Raw_Data!I5 -> 1 | G7: =Raw_Data!N5 -> 1 | H7: =Raw_Data!K5 -> 1 | I7: =Raw_Data!R5 -> 97 | J7: =Raw_Data!T5 -> 0.4 | K7: =Raw_Data!O5 -> 46237
A8: =Raw_Data!E6 -> Anjali Menon | B8: =Raw_Data!B6 -> Incoming | C8: =Raw_Data!H6 -> completed | D8: =Raw_Data!L6 -> 1 | E8: =Raw_Data!M6 -> 0 | F8: =Raw_Data!I6 -> 1 | G8: =Raw_Data!N6 -> 1 | H8: =Raw_Data!K6 -> 1 | I8: =Raw_Data!R6 -> 768 | J8: =Raw_Data!T6 -> 5.2 | K8: =Raw_Data!O6 -> 46237
A9: =Raw_Data!E7 -> Shreya Iyer | B9: =Raw_Data!B7 -> Incoming | C9: =Raw_Data!H7 -> call-attempt | D9: =Raw_Data!L7 -> 1 | E9: =Raw_Data!M7 -> 0 | F9: =Raw_Data!I7 -> 0 | G9: =Raw_Data!N7 -> 0 | H9: =Raw_Data!K7 -> 0 | I9: =Raw_Data!R7 -> 7 | J9: =Raw_Data!T7 -> 0 | K9: =Raw_Data!O7 -> 46237
A10: =Raw_Data!E8 -> Meera Joshi | B10: =Raw_Data!B8 -> Incoming | C10: =Raw_Data!H8 -> completed | D10: =Raw_Data!L8 -> 1 | E10: =Raw_Data!M8 -> 0 | F10: =Raw_Data!I8 -> 1 | G10: =Raw_Data!N8 -> 1 | H10: =Raw_Data!K8 -> 1 | I10: =Raw_Data!R8 -> 34 | J10: =Raw_Data!T8 -> 0.4 | K10: =Raw_Data!O8 -> 46237
A11: =Raw_Data!E9 -> Karan Malhotra | B11: =Raw_Data!B9 -> Incoming | C11: =Raw_Data!H9 -> missed-call | D11: =Raw_Data!L9 -> 1 | E11: =Raw_Data!M9 -> 0 | F11: =Raw_Data!I9 -> 0 | G11: =Raw_Data!N9 -> 0 | H11: =Raw_Data!K9 -> 0 | I11: =Raw_Data!R9 -> 46 | J11: =Raw_Data!T9 -> 0 | K11: =Raw_Data!O9 -> 46237
A12: =Raw_Data!E10 -> Rohan Mehta | B12: =Raw_Data!B10 -> Incoming | C12: =Raw_Data!H10 -> completed | D12: =Raw_Data!L10 -> 1 | E12: =Raw_Data!M10 -> 0 | F12: =Raw_Data!I10 -> 1 | G12: =Raw_Data!N10 -> 1 | H12: =Raw_Data!K10 -> 1 | I12: =Raw_Data!R10 -> 355 | J12: =Raw_Data!T10 -> 2.4 | K12: =Raw_Data!O10 -> 46237
A13: =Raw_Data!E11 -> Siddharth Jain | B13: =Raw_Data!B11 -> Incoming | C13: =Raw_Data!H11 -> completed | D13: =Raw_Data!L11 -> 1 | E13: =Raw_Data!M11 -> 0 | F13: =Raw_Data!I11 -> 1 | G13: =Raw_Data!N11 -> 1 | H13: =Raw_Data!K11 -> 1 | I13: =Raw_Data!R11 -> 61 | J13: =Raw_Data!T11 -> 0.4 | K13: =Raw_Data!O11 -> 46237
A14: =Raw_Data!E12 -> Akash Singh | B14: =Raw_Data!B12 -> Incoming | C14: =Raw_Data!H12 -> call-attempt | D14: =Raw_Data!L12 -> 1 | E14: =Raw_Data!M12 -> 0 | F14: =Raw_Data!I12 -> 0 | G14: =Raw_Data!N12 -> 0 | H14: =Raw_Data!K12 -> 0 | I14: =Raw_Data!R12 -> 15 | J14: =Raw_Data!T12 -> 0 | K14: =Raw_Data!O12 -> 46237
A15: =Raw_Data!E13 -> Neha Gupta | B15: =Raw_Data!B13 -> Incoming | C15: =Raw_Data!H13 -> missed-call | D15: =Raw_Data!L13 -> 1 | E15: =Raw_Data!M13 -> 0 | F15: =Raw_Data!I13 -> 0 | G15: =Raw_Data!N13 -> 0 | H15: =Raw_Data!K13 -> 0 | I15: =Raw_Data!R13 -> 50 | J15: =Raw_Data!T13 -> 0 | K15: =Raw_Data!O13 -> 46237
A16: =Raw_Data!E14 -> Varun Iyer | B16: =Raw_Data!B14 -> Incoming | C16: =Raw_Data!H14 -> call-attempt | D16: =Raw_Data!L14 -> 1 | E16: =Raw_Data!M14 -> 0 | F16: =Raw_Data!I14 -> 0 | G16: =Raw_Data!N14 -> 0 | H16: =Raw_Data!K14 -> 0 | I16: =Raw_Data!R14 -> 18 | J16: =Raw_Data!T14 -> 0 | K16: =Raw_Data!O14 -> 46236
A17: =Raw_Data!E15 -> Nandini Das | B17: =Raw_Data!B15 -> Incoming | C17: =Raw_Data!H15 -> completed | D17: =Raw_Data!L15 -> 1 | E17: =Raw_Data!M15 -> 0 | F17: =Raw_Data!I15 -> 1 | G17: =Raw_Data!N15 -> 1 | H17: =Raw_Data!K15 -> 1 | I17: =Raw_Data!R15 -> 1190 | J17: =Raw_Data!T15 -> 8 | K17: =Raw_Data!O15 -> 46237
A18: =Raw_Data!E16 -> Sakshi Joshi | B18: =Raw_Data!B16 -> Incoming | C18: =Raw_Data!H16 -> completed | D18: =Raw_Data!L16 -> 1 | E18: =Raw_Data!M16 -> 0 | F18: =Raw_Data!I16 -> 1 | G18: =Raw_Data!N16 -> 1 | H18: =Raw_Data!K16 -> 1 | I18: =Raw_Data!R16 -> 248 | J18: =Raw_Data!T16 -> 1.6 | K18: =Raw_Data!O16 -> 46237
... A371: =Raw_Data!E369 -> Varun Iyer | B371: =Raw_Data!B369 -> Outgoing | C371: =Raw_Data!H369 -> completed | D371: =Raw_Data!L369 -> 0 | E371: =Raw_Data!M369 -> 1 | F371: =Raw_Data!I369 -> 1 | G371: =Raw_Data!N369 -> 0 | H371: =Raw_Data!K369 -> 1 | I371: =Raw_Data!R369 -> 46 | J371: =Raw_Data!T369 -> 1.15 | K371: =Raw_Data!O369 -> 46237

Sheet Dashboard
A1: Salesperson Performance & Call Analytics Dashboard
A3: Total calls | C3: Incoming Call | E3: Outgoing Call | G3: Completed Call
A4: =GETPIVOTDATA("Sum of Total calls",Pivot_Tables!A3) -> 368 | C4: =GETPIVOTDATA("Incoming Flag",Pivot_Tables!A3) -> 200 | E4: =A4-C4 -> 168 | G4: =GETPIVOTDATA("Sum of Completed calls",Pivot_Tables!A3) -> 175
A14: Completion Rate | C14: Conversions | E14: Conversion Rate | G14: Call Revenue
A15: =IFERROR(G4/A4,0) -> 0.47554348 | C15: =GETPIVOTDATA("Sum of CONVERSION Rate",Pivot_Tables!$A$3) -> 175 | E15: =IFERROR(C15/A4,0) -> 0.47554348 | G15: =GETPIVOTDATA("Sum of Price for a call",Pivot_Tables!$A$3) -> 411.05
